Team,points-per-game,average-scoring-margin,field-goals-made-per-game,field-goals-attempted-per-game,offensive-efficiency,defensive-efficiency,effective-field-goal-pct,true-shooting-percentage,three-point-pct,two-point-pct,free-throw-pct,three-pointers-made-per-game,three-pointers-attempted-per-game,offensive-rebounds-per-game,defensive-rebounds-per-game,total-rebounds-per-game,offensive-rebounding-pct,defensive-rebounding-pct,total-rebounding-percentage,blocks-per-game,steals-per-game,assists-per-game,turnovers-per-game,assist--per--turnover-ratio,win-pct-all-games,win-pct-close-games,possessions-per-game,personal-fouls-per-game,opponent-points-per-game,opponent-average-scoring-margin,opponent-shooting-pct,opponent-effective-field-goal-pct,opponent-three-point-pct,opponent-two-point-pct,opponent-free-throw-pct,opponent-true-shooting-percentage,opponent-assists-per-game,opponent-turnovers-per-game,opponent-assist--per--turnover-ratio
Gonzaga,87.8,22.5,32.9,62.4,1.168,0.869,59.4,123.2,37.9,60.9,73.0,8.4,22.1,8.3,30.0,41.5,27.7,79.2,56.0,5.9,6.7,18.2,11.8,1.548,0.897,0.0,75.2,15.4,65.3,-22.5,37.9,43.2,30.7,41.6,69.5,92.0,10.0,12.6,0.794
S Dakota St,85.5,11.0,30.5,58.5,1.171,1.021,59.7,125.2,44.2,56.3,76.0,8.9,20.1,6.2,26.4,35.0,21.9,77.9,52.2,2.3,5.7,14.4,11.0,1.316,0.875,1.0,73.1,15.8,74.6,-11.0,44.2,51.5,35.2,50.6,74.1,107.9,12.1,11.4,1.066
Arizona,84.6,17.0,30.4,61.4,1.132,0.904,55.9,118.1,35.4,57.5,73.8,7.8,21.9,10.4,28.4,41.4,33.9,74.2,55.2,5.7,6.7,19.9,13.2,1.511,0.912,0.8,74.7,16.5,67.5,-17.0,38.7,44.4,32.7,41.9,67.0,93.9,11.8,12.9,0.909
Iowa,83.8,12.5,29.9,64.5,1.158,0.985,53.6,113.6,36.8,52.6,74.9,9.3,25.2,10.6,23.7,37.3,31.0,72.0,50.9,4.4,7.4,16.1,9.2,1.754,0.743,0.375,72.3,16.1,71.3,-12.5,43.8,49.8,32.9,50.0,70.6,105.0,14.4,13.7,1.054
Oral Roberts,81.5,3.6,29.7,65.5,1.104,1.055,53.9,112.2,37.2,52.3,72.2,11.3,30.2,8.5,27.5,38.8,24.7,77.2,51.2,4.1,4.7,11.3,9.6,1.179,0.571,0.333,73.8,15.9,77.8,-3.6,45.1,51.1,34.4,50.8,70.4,107.0,11.6,9.2,1.26
Duke,80.2,13.0,29.7,60.7,1.144,0.958,55.6,116.3,36.8,55.8,72.9,8.2,22.2,9.4,26.3,38.3,30.5,73.8,53.0,5.5,6.5,16.9,10.2,1.652,0.824,0.556,70.1,13.6,67.1,-13.0,41.7,47.0,31.4,46.9,67.2,97.8,13.6,11.0,1.232
Alabama,80.0,3.6,27.7,62.8,1.063,1.016,51.5,109.9,30.8,56.3,73.0,9.3,30.1,11.6,24.7,39.9,33.8,70.6,52.5,4.7,7.0,14.6,14.6,1.004,0.594,0.583,75.2,18.6,76.4,-3.6,43.5,49.4,33.1,49.2,71.2,106.1,12.4,13.0,0.95
Toledo,79.9,10.4,29.7,62.0,1.116,0.971,53.5,113.4,35.9,53.4,76.0,7.0,19.4,9.1,27.6,39.8,28.5,73.7,53.0,2.7,5.3,15.2,10.4,1.461,0.781,0.714,71.5,15.3,69.5,-10.4,40.4,47.0,31.2,47.1,67.2,98.7,12.6,10.8,1.168
Purdue,79.8,11.0,28.2,57.2,1.159,0.999,57.0,118.9,39.1,55.9,70.3,8.7,22.4,9.8,25.7,38.6,34.1,78.7,57.0,3.5,4.6,16.6,11.7,1.423,0.794,0.444,68.8,14.4,68.8,-11.0,42.7,49.6,33.5,49.2,72.0,104.0,13.6,9.5,1.432
St Johns,79.6,5.4,30.3,66.8,1.041,0.97,50.8,106.1,33.5,51.0,67.7,7.3,21.6,10.3,24.7,37.8,28.9,70.6,49.3,5.5,8.8,18.8,11.9,1.575,0.531,0.3,76.4,17.9,74.2,-5.4,42.4,48.9,34.1,47.5,71.6,105.1,13.1,15.9,0.821
Wake Forest,79.5,9.3,28.6,58.5,1.086,0.959,56.2,117.9,35.1,58.7,73.3,8.6,24.6,8.0,26.5,36.8,26.3,75.9,52.3,3.9,6.4,15.1,13.6,1.115,0.719,0.556,73.2,15.8,70.2,-9.3,41.6,47.5,32.6,46.8,70.3,101.4,12.4,12.6,0.99
Kentucky,79.5,13.5,30.4,62.8,1.118,0.929,53.4,112.1,34.9,53.7,73.0,6.2,17.6,11.4,25.5,40.3,36.5,77.3,57.1,4.2,6.8,16.1,11.5,1.394,0.788,0.25,71.1,14.2,66.0,-13.5,41.1,46.6,30.3,47.2,71.5,99.2,11.3,12.1,0.935
UAB,79.4,11.8,29.0,62.3,1.091,0.929,52.9,111.9,38.3,50.6,73.9,7.8,20.4,10.1,24.5,37.9,32.0,75.7,53.1,4.1,9.0,12.8,11.6,1.111,0.781,0.444,72.8,17.0,67.6,-11.8,41.9,47.9,32.4,47.5,71.1,102.8,11.0,15.2,0.726
Auburn,78.7,11.7,27.9,63.6,1.052,0.896,50.3,107.7,32.0,51.9,73.3,8.1,25.4,10.2,25.8,39.9,31.0,73.8,52.2,7.9,8.8,14.6,12.1,1.207,0.844,0.5,74.8,18.5,67.0,-11.7,38.5,44.1,31.2,42.6,72.9,97.5,11.1,15.0,0.736
Buffalo,78.7,5.1,29.3,64.8,1.068,0.998,51.6,108.3,34.4,51.6,71.6,8.3,24.1,12.4,26.3,41.9,35.4,73.9,54.7,4.1,6.8,14.7,13.4,1.096,0.607,0.286,73.7,17.4,73.6,-5.1,43.0,48.2,31.9,48.3,71.0,102.8,11.5,11.4,1.003
Princeton,78.6,6.6,29.8,61.9,1.11,1.017,56.7,115.3,38.4,55.9,64.0,10.7,27.8,7.3,25.5,35.3,22.6,78.1,50.6,1.7,5.7,14.9,10.1,1.479,0.75,0.727,70.8,14.0,72.0,-6.6,46.0,51.3,33.6,51.6,73.4,107.4,11.2,10.8,1.036
Kansas,78.6,10.4,28.6,59.6,1.097,0.951,54.1,114.2,35.5,54.5,72.4,7.1,20.1,9.9,25.1,37.4,32.2,73.6,53.3,4.1,6.4,15.4,12.5,1.235,0.824,0.75,71.7,15.9,68.1,-10.4,41.8,46.9,30.1,47.9,70.7,100.3,11.9,12.9,0.92
Col Charlestn,78.2,1.8,28.0,63.7,1.021,0.998,50.3,107.2,33.9,49.9,73.0,8.1,23.9,11.9,24.8,40.3,34.7,77.5,54.7,2.8,8.0,13.2,15.6,0.844,0.531,0.529,76.6,20.6,76.4,-1.8,45.2,51.2,34.1,51.3,72.3,110.0,12.6,14.3,0.878
Bowling Grn,77.9,-4.4,27.4,64.4,1.027,1.085,48.6,105.0,33.1,48.0,74.2,7.9,23.8,10.3,23.8,37.4,28.6,70.7,49.0,3.4,7.2,11.9,12.2,0.972,0.379,0.6,75.8,18.1,82.2,4.4,45.8,53.5,36.0,53.1,74.7,113.4,14.6,12.9,1.137
W Illinois,77.6,0.0,27.7,63.9,1.036,1.036,50.2,106.5,33.5,50.1,71.6,8.8,26.4,9.8,24.6,37.5,27.5,79.4,51.5,2.5,6.4,11.3,11.7,0.965,0.483,0.546,74.9,18.0,77.6,0.0,46.5,52.7,37.7,50.8,77.5,113.0,12.3,12.7,0.97
N Carolina,77.5,5.8,27.6,61.0,1.075,0.995,52.1,111.3,36.2,50.8,77.2,8.3,22.9,9.3,27.6,39.8,28.6,81.6,55.4,3.8,5.4,14.8,11.7,1.27,0.727,0.5,72.1,14.4,71.7,-5.8,43.4,49.8,34.9,48.3,73.7,104.8,12.9,10.0,1.29
Syracuse,77.4,2.3,27.7,61.5,1.077,1.045,52.5,110.9,37.7,49.8,73.7,9.1,24.1,8.7,23.2,36.3,27.2,70.0,49.0,3.8,7.0,14.6,10.7,1.359,0.485,0.333,71.8,14.2,75.1,-2.3,42.6,50.6,33.0,51.6,75.1,107.0,18.9,11.7,1.621
N Colorado,77.3,-0.6,27.2,57.4,1.071,1.079,56.0,117.2,38.0,55.2,71.9,9.9,26.1,6.0,24.3,32.8,20.1,76.9,49.1,2.7,4.2,11.9,12.0,0.99,0.563,0.688,72.2,18.2,78.0,0.6,46.5,52.9,37.9,50.9,73.4,112.1,11.5,10.3,1.119
Santa Clara,77.3,5.4,28.8,59.4,1.062,0.988,54.5,115.0,37.8,53.5,76.2,7.2,19.1,6.4,26.1,35.5,21.3,75.3,50.4,3.8,6.0,15.1,11.5,1.31,0.636,0.5,72.7,15.0,71.9,-5.4,42.8,48.5,34.8,46.7,76.2,102.8,13.5,11.8,1.147
Belmont,77.1,9.1,28.7,59.1,1.078,0.952,55.7,116.2,32.8,60.6,73.7,8.4,25.6,6.7,24.2,33.4,22.8,73.4,49.7,4.0,9.0,17.8,11.8,1.499,0.75,0.6,71.5,13.7,68.1,-9.1,42.7,49.4,33.7,48.7,70.4,103.8,13.2,14.7,0.898
VA Military,77.0,0.1,26.5,58.6,1.081,1.08,55.5,117.0,37.6,54.5,78.9,12.0,32.0,6.4,24.9,34.6,20.6,71.4,47.9,2.6,4.5,15.2,11.6,1.311,0.464,0.333,71.2,15.2,76.9,-0.1,42.7,51.0,34.6,50.1,74.7,107.7,13.1,9.9,1.317
Arkansas,76.9,8.4,26.6,60.6,1.037,0.924,49.2,107.6,30.7,50.9,75.3,6.4,20.8,9.7,25.5,38.2,29.0,77.0,52.5,4.2,7.7,14.1,12.6,1.118,0.758,0.5,74.2,16.8,68.5,-8.4,41.1,47.5,32.8,46.4,73.2,102.8,12.9,15.0,0.862
Hofstra,76.8,2.4,28.4,61.9,1.068,1.035,53.4,112.5,33.8,55.6,79.7,9.3,27.6,6.7,23.0,32.4,21.0,74.6,47.7,2.5,7.6,14.9,10.4,1.437,0.633,0.778,71.9,15.5,74.4,-2.4,46.2,54.4,38.3,52.1,73.6,113.8,15.4,14.4,1.069
Missouri St,76.5,7.2,27.8,58.2,1.1,0.995,54.6,116.1,36.4,54.6,79.9,7.9,21.8,7.2,25.4,35.1,24.0,78.6,52.0,3.3,5.3,11.8,10.6,1.115,0.667,0.4,69.6,15.3,69.3,-7.2,42.3,48.8,33.6,47.8,75.9,104.8,10.8,10.7,1.008
Baylor,76.5,12.9,28.2,60.9,1.088,0.905,52.9,110.7,34.6,53.5,69.8,7.9,23.0,11.0,22.8,37.1,34.5,73.1,53.7,3.4,8.8,15.8,12.5,1.268,0.813,0.6,70.3,15.8,63.6,-12.9,42.5,47.8,29.9,49.5,70.1,101.5,13.1,15.7,0.833
Bryant,76.4,3.1,26.6,61.9,1.02,0.979,49.7,106.9,30.7,52.6,73.4,8.3,27.1,10.5,26.1,40.6,30.7,71.2,51.4,4.2,6.3,13.5,13.9,0.969,0.7,0.667,74.9,16.8,73.4,-3.1,42.0,47.4,32.1,47.0,68.0,99.8,15.0,12.0,1.251
Furman,76.4,7.6,27.2,59.3,1.119,1.007,55.6,116.1,37.5,55.0,75.8,11.5,30.6,7.9,22.2,32.8,25.6,73.1,49.4,3.6,8.2,16.9,10.5,1.605,0.636,0.455,68.3,14.7,68.8,-7.6,45.4,51.5,33.3,52.5,72.9,108.4,13.3,12.8,1.038
UCLA,76.4,11.6,27.9,62.1,1.089,0.924,50.6,107.8,35.1,49.6,73.6,6.9,19.6,10.0,24.0,37.1,29.8,78.4,52.8,3.3,7.0,14.0,9.2,1.526,0.781,0.2,70.1,16.3,64.8,-11.6,41.6,47.7,32.2,47.3,72.3,102.3,11.8,13.5,0.875
S Utah,76.3,3.2,26.9,59.4,1.044,1.001,52.1,110.4,33.7,53.1,70.5,8.0,23.7,7.8,25.0,36.4,24.5,79.6,52.1,2.5,6.3,11.0,12.2,0.901,0.621,0.6,73.1,17.2,73.2,-3.2,44.9,51.7,33.6,52.5,76.1,110.0,12.4,12.6,0.984
Nicholls St,76.3,2.7,29.9,64.3,1.029,0.992,52.5,107.5,32.4,54.8,62.4,7.8,24.1,10.2,24.3,37.3,30.1,71.5,49.8,3.9,7.7,12.7,12.6,1.006,0.607,0.571,74.2,19.0,73.6,-2.7,42.1,48.5,33.9,47.0,71.3,104.7,13.7,14.3,0.96
Murray St,76.3,14.0,27.8,59.8,1.105,0.903,52.9,111.1,34.7,53.5,69.8,7.8,22.6,10.7,24.6,38.2,33.8,76.9,54.9,3.1,7.8,13.9,11.6,1.206,0.931,1.0,69.0,14.9,62.3,-14.0,41.9,48.0,30.1,50.0,67.6,100.9,10.6,14.1,0.746
Cornell,76.3,0.0,26.8,58.8,1.025,1.024,53.5,112.5,34.1,55.6,70.3,9.3,27.4,7.9,25.8,36.3,24.6,73.0,49.7,2.7,7.5,15.8,14.4,1.099,0.542,0.375,74.4,19.4,76.2,0.0,44.2,51.0,32.3,52.9,68.5,107.5,13.1,13.3,0.991
Fla Gulf Cst,76.2,2.0,27.0,60.4,1.046,1.019,52.9,110.6,35.0,53.2,68.8,9.9,28.2,9.5,25.1,38.1,29.1,73.4,52.0,5.1,6.4,15.2,13.6,1.118,0.633,0.667,72.8,14.4,74.2,-2.0,43.8,50.4,33.7,50.3,68.3,105.2,14.0,11.3,1.239
SE Louisiana,76.1,-3.3,25.3,56.9,1.022,1.067,52.0,112.8,34.5,52.1,76.2,8.5,24.7,7.9,21.8,31.6,24.5,67.9,46.1,3.8,7.3,14.2,14.6,0.969,0.517,0.833,74.5,17.0,79.4,3.3,47.4,53.8,34.2,55.2,72.2,112.7,14.3,14.5,0.986
New Orleans,76.1,0.0,27.0,58.0,0.99,0.99,50.0,109.3,31.2,51.0,73.8,4.0,12.9,6.9,24.6,35.1,22.6,70.9,48.3,2.7,7.7,12.3,14.5,0.845,0.536,0.5,76.9,19.2,76.1,0.0,43.5,49.7,31.6,51.1,70.5,105.9,14.9,14.8,1.005
San Francisco,76.0,9.3,27.4,60.4,1.056,0.926,53.1,110.9,34.7,53.9,69.2,9.3,26.8,9.3,25.3,37.6,28.7,78.2,53.3,4.6,7.7,12.9,12.8,1.005,0.719,0.5,72.0,17.9,66.7,-9.3,42.5,46.9,28.9,48.4,71.0,101.1,10.5,13.1,0.804
Houston,75.8,16.9,28.1,60.0,1.117,0.867,53.6,111.2,34.1,55.1,66.9,8.0,23.5,12.2,24.4,39.2,37.9,76.8,55.3,5.2,8.2,16.7,11.3,1.478,0.853,0.5,67.9,17.4,58.9,-16.9,37.3,43.5,29.0,43.5,70.5,95.8,10.9,14.4,0.758
Illinois,75.8,8.1,26.7,58.9,1.078,0.963,53.1,111.8,36.7,51.7,70.8,9.2,25.1,10.0,25.5,38.6,31.7,76.2,54.3,3.0,5.2,15.4,12.2,1.265,0.71,0.6,70.3,16.4,67.6,-8.1,41.6,46.3,32.3,45.4,72.1,99.7,10.4,10.7,0.967
SE Missouri,75.7,-2.5,25.6,58.3,1.025,1.059,51.5,110.5,35.2,50.6,73.0,8.9,25.3,8.0,23.1,33.0,24.5,73.2,48.1,2.4,6.2,14.0,13.1,1.069,0.4,0.5,73.9,20.4,78.2,2.5,45.8,52.4,34.5,52.8,73.3,112.6,13.2,13.2,0.995
U Mass,75.7,-2.4,25.7,59.4,1.056,1.09,51.3,110.2,37.1,48.0,75.8,9.5,25.6,8.7,21.8,33.7,27.1,72.3,49.0,2.6,6.5,13.7,11.6,1.178,0.469,0.625,71.6,17.1,78.1,2.4,48.5,55.2,37.4,54.7,72.8,115.7,16.5,12.6,1.313
Colgate,75.4,7.8,27.5,57.9,1.088,0.976,55.9,115.6,40.1,52.7,69.3,9.8,24.4,7.6,25.8,36.0,25.0,77.5,51.9,3.5,6.2,17.0,11.5,1.483,0.667,0.143,69.3,14.7,67.6,-7.8,43.0,49.0,33.7,48.2,67.1,102.5,13.6,11.0,1.24
Memphis,75.4,7.0,26.9,57.2,1.031,0.935,52.6,111.4,35.9,52.0,69.2,6.3,17.6,11.0,24.3,38.7,35.9,71.2,54.3,5.7,8.7,16.1,16.4,0.982,0.677,0.286,73.2,18.7,68.4,-7.0,39.6,46.5,32.1,45.3,70.0,100.3,13.3,14.9,0.894
Montana St,75.4,6.5,25.8,54.7,1.059,0.967,53.8,115.7,36.8,53.1,75.0,7.3,19.8,7.1,24.6,34.7,25.1,79.4,52.8,3.8,5.1,12.4,12.9,0.961,0.781,0.714,71.2,18.3,68.8,-6.5,42.5,48.3,32.3,48.1,75.7,105.7,9.3,12.7,0.732
E Kentucky,75.3,-1.4,26.9,67.1,1.008,1.026,48.3,101.8,33.9,46.0,71.8,11.0,32.6,10.4,21.3,34.9,26.9,69.7,46.1,3.6,9.3,14.5,11.4,1.269,0.333,0.25,74.7,16.6,76.7,1.4,47.7,54.6,34.4,56.5,71.3,113.9,16.3,16.4,0.995
E Washingtn,75.3,0.2,26.0,57.7,1.037,1.033,52.6,112.6,35.7,51.9,75.6,8.8,24.6,7.3,25.2,35.4,23.4,76.2,50.7,2.8,5.2,15.3,13.0,1.174,0.516,0.539,72.6,18.6,75.0,-0.2,43.3,50.3,33.8,50.0,75.9,108.2,12.4,11.2,1.107
Iona,75.3,7.0,26.3,59.0,1.041,0.945,50.7,108.2,33.3,51.0,69.7,7.1,21.4,10.0,24.4,37.0,30.0,73.2,51.3,6.2,6.5,16.1,12.6,1.284,0.781,0.667,72.3,18.2,68.3,-7.0,41.4,46.4,30.3,46.9,70.5,100.6,11.5,13.4,0.856
Weber State,75.2,3.5,26.0,55.5,1.049,1.001,53.5,114.9,34.6,54.5,75.4,7.4,21.4,5.7,23.9,31.2,18.9,76.1,48.1,2.5,7.4,10.5,11.6,0.908,0.613,0.333,71.6,15.8,71.7,-3.5,44.9,52.3,38.1,49.2,72.8,110.1,13.2,14.4,0.917
Connecticut,75.2,10.0,26.8,61.6,1.071,0.928,49.6,106.6,35.3,47.8,75.0,7.4,21.1,12.3,25.2,40.9,36.8,75.4,55.3,6.5,6.0,14.0,11.9,1.179,0.719,0.3,70.2,16.8,65.2,-10.0,40.1,45.7,34.5,42.8,68.0,98.2,10.2,12.3,0.832
Wright State,75.2,3.5,27.4,58.8,1.064,1.014,52.0,111.4,33.0,53.2,76.6,6.3,19.1,9.0,22.8,34.3,29.4,72.1,50.9,2.9,5.8,13.9,12.4,1.122,0.606,0.455,70.6,14.5,71.6,-3.5,45.5,51.3,33.8,51.6,71.3,107.8,11.1,12.8,0.867
Cleveland St,74.9,3.9,27.3,57.3,1.047,0.993,53.2,111.5,32.6,55.3,67.3,6.3,19.3,9.8,22.7,34.9,32.3,70.5,51.6,3.3,8.4,16.5,13.8,1.201,0.621,0.5,71.5,18.9,71.0,-3.9,42.4,49.4,32.3,50.0,76.3,107.4,13.2,15.3,0.862
Saint Louis,74.9,6.9,26.8,59.2,1.047,0.95,50.8,109.5,36.3,49.2,76.1,6.6,18.1,9.7,25.3,38.4,31.5,75.4,54.0,3.1,6.3,14.4,13.1,1.1,0.667,0.455,71.5,18.1,67.9,-6.9,42.3,47.7,31.7,47.9,67.1,101.7,11.6,12.7,0.916
Miami (FL),74.8,3.8,27.6,57.7,1.084,1.029,54.2,114.1,35.3,54.8,74.3,7.3,20.7,6.2,21.6,30.5,20.8,71.4,46.9,2.9,8.7,14.0,9.6,1.461,0.697,0.6,69.0,14.9,71.0,-3.8,46.6,53.5,35.2,53.9,69.1,111.0,15.1,13.8,1.097
Vermont,74.8,14.1,27.4,55.6,1.125,0.913,57.3,119.4,36.8,58.9,74.7,8.8,24.0,5.8,26.1,34.8,21.1,82.6,54.6,2.4,5.2,15.1,9.7,1.55,0.844,0.5,66.5,14.0,60.7,-14.1,41.2,47.7,34.4,45.2,68.4,100.0,9.8,11.2,0.877
Davidson,74.6,8.8,26.2,54.8,1.115,0.984,55.6,117.8,38.5,54.2,75.7,8.7,22.5,6.3,25.0,33.6,22.0,79.2,51.9,2.6,4.6,14.4,9.8,1.47,0.813,0.7,66.9,14.8,65.8,-8.8,42.0,49.4,33.8,48.4,73.9,105.5,12.0,11.2,1.076
Marquette,74.4,3.5,26.9,59.4,1.01,0.962,52.6,111.0,34.7,52.9,74.7,8.6,24.8,6.0,25.5,34.7,19.3,70.3,47.1,5.1,7.9,16.0,12.5,1.285,0.613,0.714,73.7,17.5,70.9,-3.5,41.0,46.7,31.7,46.2,69.9,100.0,14.0,13.8,1.016
S Methodist,74.4,7.2,25.2,56.8,1.042,0.941,52.1,111.8,36.3,50.3,74.2,8.8,24.2,8.0,26.3,37.6,25.4,72.1,50.5,4.4,6.3,14.0,12.3,1.136,0.742,0.75,71.4,15.3,67.2,-7.2,39.8,44.8,30.3,44.6,69.3,95.7,13.0,11.9,1.092
W Kentucky,74.0,3.1,26.7,57.9,1.028,0.986,52.7,111.3,35.9,52.0,71.6,7.6,21.1,7.2,24.0,34.5,23.3,71.9,48.3,5.6,8.1,13.2,12.4,1.065,0.567,0.25,71.9,11.3,70.9,-3.1,42.9,50.6,35.5,48.5,72.2,104.8,16.0,13.9,1.151
Ball State,74.0,-3.4,25.2,57.2,1.007,1.054,51.3,109.4,35.7,49.8,69.6,8.4,23.6,8.2,24.3,35.5,25.4,73.8,49.4,2.4,6.0,13.0,14.1,0.922,0.433,0.667,73.4,18.2,77.4,3.4,44.6,52.4,36.3,50.8,71.8,111.0,13.5,12.3,1.097
Citadel,73.9,-4.8,25.8,59.4,1.007,1.073,52.0,108.8,34.8,51.7,68.0,10.3,29.5,7.4,25.2,35.7,21.9,72.4,47.5,3.5,4.5,15.2,12.3,1.232,0.357,0.455,73.4,15.5,78.7,4.8,44.0,50.4,33.0,50.9,74.3,106.9,14.3,9.9,1.435
Xavier,73.9,4.7,26.2,58.9,1.03,0.965,50.2,107.3,32.2,51.2,70.2,6.8,21.1,9.0,25.4,37.3,27.3,76.1,51.8,4.5,7.6,14.6,11.6,1.259,0.594,0.556,71.7,15.5,69.2,-4.7,42.5,48.4,32.3,48.3,74.2,103.2,12.3,12.9,0.956
Ohio State,73.8,5.3,25.9,54.7,1.095,1.016,54.8,116.5,37.3,54.0,76.0,8.1,21.7,7.7,24.2,34.4,27.3,74.3,51.8,4.8,4.4,12.8,11.0,1.164,0.633,0.556,67.4,16.4,68.5,-5.3,41.9,47.9,34.0,46.2,73.4,102.9,11.6,10.1,1.152
Miami (OH),73.8,-2.2,26.6,61.7,1.039,1.07,50.3,107.4,34.3,49.5,80.0,9.0,26.2,8.0,22.4,33.4,23.9,71.8,47.3,3.0,5.6,13.1,10.4,1.262,0.379,0.444,71.0,16.5,76.0,2.2,46.1,53.5,36.7,52.5,72.6,112.9,13.8,12.4,1.108
LIU,73.8,-0.6,26.5,62.8,0.986,0.994,48.4,102.7,31.0,49.6,68.1,7.8,25.1,10.9,25.5,39.0,30.2,71.9,50.4,4.7,7.3,16.3,13.6,1.2,0.517,0.556,74.8,17.0,74.3,0.6,41.9,48.5,32.0,48.8,72.3,103.9,13.4,13.4,1.0
Illinois St,73.7,-1.5,26.1,58.0,1.017,1.038,51.8,110.6,36.9,49.7,75.1,7.9,21.5,7.8,23.5,34.6,25.6,72.8,49.8,4.5,6.7,12.2,13.8,0.881,0.355,0.417,72.5,17.9,75.2,1.5,44.5,50.9,34.3,50.6,75.3,109.3,13.3,12.3,1.087
South Dakota,73.7,1.2,26.0,56.8,1.071,1.054,52.0,111.7,37.3,50.0,75.4,7.1,18.9,7.6,23.6,33.9,24.8,78.9,52.1,2.1,4.2,11.3,10.3,1.104,0.586,0.667,68.8,18.1,72.5,-1.2,45.9,52.7,36.2,51.7,72.3,111.9,9.9,10.5,0.938
N Iowa,73.7,2.8,25.2,55.7,1.05,1.01,52.6,113.8,34.4,53.3,79.1,8.2,23.8,5.3,23.8,32.5,18.1,79.7,50.1,1.4,5.7,11.1,11.2,0.991,0.621,0.5,70.2,13.9,70.9,-2.8,45.2,53.8,35.4,54.4,73.3,112.2,13.0,12.6,1.03
Longwood,73.7,7.1,25.4,57.0,1.065,0.962,51.7,110.5,38.6,48.0,72.4,8.2,21.2,9.5,22.4,35.8,31.1,77.1,53.9,2.0,7.4,13.4,12.3,1.087,0.786,0.875,69.2,15.6,66.6,-7.1,43.9,50.6,31.1,53.7,74.0,107.5,11.9,13.6,0.876
LA Tech,73.7,5.1,26.2,58.3,1.037,0.965,51.9,110.2,34.0,52.5,72.8,8.1,23.9,7.6,24.6,35.3,23.8,73.5,49.4,2.0,6.4,13.1,11.7,1.113,0.677,0.778,71.0,15.1,68.5,-5.1,41.9,48.2,33.0,47.4,72.8,103.1,12.3,13.5,0.914
New Mexico,73.7,-3.1,25.6,59.8,1.005,1.047,49.4,106.6,34.3,48.1,74.8,7.8,22.6,7.1,22.9,33.5,21.3,72.2,46.8,4.2,6.0,11.4,11.6,0.986,0.367,0.286,73.3,18.7,76.7,3.1,46.3,52.0,32.8,53.5,73.3,111.3,14.3,12.9,1.106
Winthrop,73.7,2.1,25.7,53.1,1.04,1.011,56.4,117.8,37.0,57.0,69.5,8.4,22.6,6.6,23.8,32.8,23.8,73.8,50.5,2.6,6.3,12.8,14.8,0.869,0.69,0.818,70.8,18.0,71.6,-2.1,43.8,51.0,35.9,49.1,70.9,108.5,11.1,13.4,0.826
Howard,73.6,1.8,24.8,57.5,0.989,0.965,50.4,109.2,36.2,47.8,74.7,8.3,23.0,7.7,21.3,32.9,24.6,66.6,46.9,3.4,7.5,13.6,15.0,0.903,0.5,0.273,74.5,18.3,71.8,-1.8,43.7,49.4,34.0,48.6,71.7,106.0,12.2,17.1,0.716
Fla Atlantic,73.6,4.7,26.4,57.4,1.05,0.983,53.5,112.4,34.9,54.4,71.7,8.6,24.6,9.1,23.7,35.5,30.2,76.0,52.8,3.0,7.0,13.3,13.6,0.973,0.533,0.143,70.1,17.1,68.9,-4.7,44.2,50.4,37.3,47.6,69.8,106.9,10.8,13.2,0.816
TX A&M-CC,73.5,2.3,25.3,60.0,0.997,0.965,47.2,103.8,31.8,46.9,74.3,6.0,18.8,11.1,23.3,37.5,32.3,73.0,51.9,1.6,8.2,13.6,14.2,0.961,0.613,0.8,73.8,21.2,71.2,-2.3,42.3,49.0,31.5,50.3,75.4,108.1,12.4,16.3,0.759
Seattle,73.5,6.1,25.2,61.9,0.998,0.916,48.3,104.5,33.1,47.2,76.4,9.4,28.4,8.5,25.5,37.2,23.9,76.1,49.6,3.7,7.0,13.0,11.8,1.108,0.7,0.667,73.7,20.9,67.5,-6.1,40.6,46.4,31.3,46.1,67.6,100.8,11.6,14.8,0.782
Ohio,73.5,6.2,25.5,59.3,1.048,0.96,50.8,108.2,34.1,50.4,73.2,9.3,27.1,8.4,23.3,34.1,24.9,76.0,49.3,2.6,7.3,12.7,10.6,1.198,0.719,0.333,70.1,14.5,67.3,-6.2,43.8,49.7,31.0,51.6,75.6,106.4,11.1,14.2,0.78
McNeese St,73.4,-6.7,26.2,60.4,0.965,1.053,48.6,103.3,30.6,49.9,65.4,6.2,20.2,10.9,24.2,38.3,31.1,72.1,51.7,3.2,6.6,11.1,16.4,0.676,0.241,0.222,76.1,21.0,80.2,6.7,46.1,52.0,34.7,52.0,72.8,111.9,14.2,13.2,1.07
Loyola-Chi,73.4,11.2,26.0,54.1,1.079,0.914,56.3,117.7,38.0,55.8,71.8,8.9,23.4,6.7,24.6,33.8,24.0,78.9,52.0,2.5,6.7,14.8,12.3,1.205,0.774,0.8,68.0,17.4,62.1,-11.2,41.0,47.0,31.5,46.9,73.3,101.2,9.3,13.3,0.701
Maryland BC,73.4,0.5,25.2,56.7,1.046,1.039,52.6,112.8,38.3,48.9,78.2,9.3,24.2,6.1,23.4,32.1,19.7,73.5,47.1,2.0,4.7,12.3,11.1,1.107,0.548,0.75,70.2,13.6,72.9,-0.5,46.3,52.8,35.2,52.7,65.6,108.3,13.2,11.4,1.156
Wagner,73.3,7.9,27.2,59.6,1.034,0.922,49.9,106.7,28.5,53.0,72.1,5.1,17.9,10.2,23.6,36.8,32.4,74.6,52.8,2.7,8.2,14.2,12.5,1.132,0.769,0.8,70.9,19.8,65.4,-7.9,42.3,48.1,29.7,50.4,66.7,103.2,11.7,15.5,0.756
DePaul,73.3,1.1,26.3,60.7,1.016,1.001,48.8,104.1,31.7,49.4,69.3,6.6,20.8,10.4,25.3,38.5,30.3,73.5,51.6,5.0,6.2,11.4,12.3,0.932,0.484,0.462,72.2,15.7,72.2,-1.1,42.8,48.8,33.7,47.8,74.9,104.2,12.7,11.8,1.076
Nebraska,73.3,-5.3,26.0,58.6,0.983,1.054,50.3,108.0,32.0,51.8,73.1,7.0,21.9,6.3,24.6,33.1,18.8,70.0,45.2,2.7,7.2,12.8,12.6,1.015,0.313,0.2,74.5,17.4,78.5,5.3,44.5,51.5,34.7,51.2,72.3,109.0,14.3,13.4,1.065
Colorado St,73.2,7.4,26.4,54.7,1.091,0.981,55.2,117.0,35.7,56.3,77.4,7.6,21.3,5.9,24.0,31.8,20.8,76.4,49.8,3.1,6.2,14.1,10.1,1.401,0.828,0.857,67.1,15.0,65.9,-7.4,42.6,49.8,32.7,50.5,70.9,105.0,12.0,12.2,0.989
BYU,73.2,4.6,26.7,59.5,1.027,0.962,51.2,108.5,34.6,50.8,73.1,7.5,21.8,9.0,27.0,39.4,28.5,79.2,54.9,3.2,4.8,13.6,13.0,1.049,0.667,0.429,71.3,17.9,68.6,-4.6,42.1,47.7,30.5,48.9,68.1,101.5,12.2,10.6,1.15
Tennessee,73.2,10.4,25.9,60.2,1.034,0.887,50.3,106.7,35.9,47.9,71.2,8.8,24.4,10.4,23.9,37.1,31.4,75.2,52.3,4.4,9.3,16.1,12.4,1.298,0.788,0.5,70.8,17.0,62.8,-10.4,40.0,46.2,31.2,45.8,70.6,99.7,11.2,15.8,0.709
Samford,73.2,-1.2,26.2,58.7,1.025,1.043,51.8,109.5,33.1,53.4,72.8,8.4,25.3,9.1,23.2,35.1,29.2,73.0,50.8,3.0,6.7,12.3,13.5,0.908,0.621,0.714,71.4,17.6,74.4,1.2,44.0,52.1,34.5,52.6,70.6,110.1,15.6,12.5,1.246
Abl Christian,73.2,4.8,24.8,58.9,0.996,0.931,47.8,105.0,31.4,48.3,74.3,6.7,21.3,8.8,20.1,31.1,25.7,70.5,46.3,1.7,10.4,14.1,12.6,1.115,0.655,0.6,73.4,22.4,68.4,-4.8,44.4,51.3,34.3,51.1,72.3,111.8,11.3,20.6,0.55
Delaware,73.2,2.8,25.8,55.1,1.053,1.012,53.5,114.0,35.0,54.2,74.2,7.4,21.0,7.5,22.1,32.2,25.6,70.5,48.9,3.7,6.5,12.4,12.5,0.99,0.636,0.6,69.5,15.8,70.3,-2.8,43.1,49.3,34.9,47.5,75.7,106.0,11.3,12.6,0.897
Towson,73.2,9.2,25.7,56.9,1.083,0.947,52.0,110.6,35.9,50.8,72.1,7.8,21.7,10.3,23.0,36.6,34.1,75.2,54.9,2.7,7.2,13.5,11.9,1.135,0.758,0.5,67.6,17.3,64.0,-9.2,41.2,47.7,31.4,48.1,72.0,102.7,10.2,12.7,0.8
Tulane,73.1,1.4,25.3,57.3,1.022,1.002,51.2,110.2,36.5,49.0,75.6,8.1,22.1,5.7,23.2,31.6,18.0,69.1,44.7,3.3,7.9,13.5,10.5,1.285,0.483,0.417,71.6,16.1,71.7,-1.4,41.9,49.6,34.1,48.3,71.2,105.2,16.4,14.3,1.15
N Dakota St,73.1,3.1,25.7,56.7,1.043,0.999,51.8,111.4,35.3,51.1,76.0,7.4,20.9,7.2,27.5,36.9,23.2,78.8,52.4,3.3,3.6,10.6,11.7,0.904,0.677,0.6,70.1,16.1,70.1,-3.1,42.3,47.6,32.4,47.0,74.8,101.9,10.0,8.7,1.14
LSU,73.1,9.6,26.1,59.4,1.006,0.874,49.5,106.5,31.9,50.4,73.2,6.5,20.5,10.6,23.5,36.9,32.5,70.8,51.4,4.4,11.1,12.7,14.5,0.875,0.667,0.444,72.7,19.3,63.5,-9.6,38.7,45.1,28.0,47.7,69.0,98.6,11.4,18.0,0.63
Chattanooga,73.1,7.3,26.7,57.9,1.081,0.973,52.8,111.9,34.1,53.9,76.6,7.8,22.8,8.8,23.1,35.1,30.9,76.2,53.4,2.2,7.1,12.4,11.2,1.109,0.781,0.7,67.6,15.8,65.8,-7.3,43.4,49.6,30.6,52.1,69.6,104.6,10.9,11.9,0.919
Michigan,73.0,3.2,27.1,57.9,1.063,1.017,52.3,111.0,34.0,53.0,74.6,6.4,18.7,8.7,24.0,35.5,29.4,77.7,54.2,3.1,4.8,14.2,11.5,1.229,0.548,0.6,68.7,15.5,69.9,-3.2,44.7,50.3,33.0,50.8,72.9,106.6,10.8,10.1,1.073
NC State,73.0,-2.6,25.8,62.4,1.028,1.065,47.9,102.8,34.1,45.9,72.5,8.3,24.5,9.8,21.8,34.8,27.6,71.0,48.1,3.7,7.0,11.3,10.0,1.128,0.344,0.375,71.0,16.5,75.6,2.6,47.2,53.4,35.9,53.2,74.3,112.9,14.6,12.7,1.15
Middle Tenn,73.0,4.9,25.3,57.6,1.024,0.955,50.9,109.7,32.9,52.1,76.0,8.2,24.8,8.8,23.6,35.3,28.4,73.6,50.8,4.1,7.7,12.3,13.5,0.911,0.677,0.333,71.3,18.5,68.1,-4.9,42.0,47.7,31.0,48.5,73.9,104.3,10.3,14.5,0.71
Marshall,73.0,-4.7,27.4,62.9,0.979,1.042,49.4,104.0,30.1,52.1,70.9,7.4,24.6,9.0,23.3,36.1,25.6,74.3,48.8,4.4,6.4,13.7,13.2,1.044,0.323,0.333,74.5,15.9,77.7,4.7,46.0,52.0,35.3,51.6,78.1,111.2,13.1,13.0,1.007
Ste F Austin,72.9,4.6,26.5,57.1,0.998,0.934,51.4,108.6,32.3,52.7,67.7,5.7,17.7,9.8,22.3,35.3,32.4,71.5,51.5,4.0,8.6,14.3,15.9,0.9,0.667,1.0,73.1,20.0,68.3,-4.6,42.7,48.8,31.1,50.1,72.1,105.7,12.7,17.2,0.74
Norfolk St,72.9,6.9,25.4,56.0,1.01,0.914,51.5,109.8,34.5,51.3,69.5,6.9,20.1,8.6,26.4,38.3,28.0,75.1,52.6,3.3,6.0,12.1,14.1,0.858,0.778,0.667,72.2,17.7,66.0,-6.9,38.6,45.2,29.3,46.3,64.8,96.7,12.3,13.1,0.941
Utah State,72.8,5.9,26.7,56.5,1.051,0.967,54.1,113.5,34.1,56.1,72.1,7.7,22.7,7.4,25.7,35.2,24.8,79.1,52.7,2.1,6.2,17.7,12.5,1.411,0.515,0.2,69.3,16.5,67.0,-5.9,43.0,49.6,33.9,48.8,70.8,105.3,13.4,12.5,1.07
Rice,72.8,-1.6,25.5,56.4,1.03,1.052,53.0,112.0,36.5,51.8,71.6,8.8,24.1,7.0,25.3,34.8,22.9,73.7,49.9,1.7,5.0,14.9,12.7,1.174,0.467,0.455,70.7,14.1,74.4,1.6,45.2,51.1,33.4,51.6,71.5,106.6,14.0,9.9,1.409
Drake,72.8,6.0,26.8,59.3,1.06,0.973,50.6,108.1,32.3,51.6,75.9,6.5,20.1,9.3,23.3,34.9,29.1,75.7,51.9,3.2,7.0,11.3,10.7,1.065,0.688,0.583,68.6,17.1,66.8,-6.0,43.0,49.3,33.0,49.2,73.5,106.3,10.2,13.3,0.765
Oregon,72.7,2.5,26.8,59.1,1.027,0.991,51.4,107.8,33.8,51.8,67.8,7.1,21.1,8.6,23.3,34.9,27.0,71.8,49.7,3.3,6.8,12.0,11.8,1.013,0.576,0.5,70.8,16.7,70.2,-2.5,43.5,49.6,32.5,50.1,70.6,105.2,12.8,13.3,0.957
St. Thomas (MN),72.7,-5.6,25.8,59.4,1.069,1.151,52.0,109.9,34.4,52.5,77.1,10.2,29.6,6.0,19.6,28.3,18.6,73.2,44.4,1.1,4.8,11.5,8.4,1.36,0.259,0.0,68.0,17.4,78.2,5.6,50.8,58.9,40.1,58.0,73.8,122.7,13.4,10.8,1.236
Villanova,72.6,9.5,24.6,56.3,1.099,0.955,52.0,112.7,35.9,50.3,82.3,9.3,25.9,8.7,23.1,34.9,29.3,74.7,51.9,2.2,6.2,12.1,10.0,1.206,0.788,0.714,66.1,15.2,63.1,-9.5,40.8,47.5,31.0,48.2,74.5,101.6,11.3,12.1,0.935
USC,72.6,6.7,26.8,59.2,1.039,0.944,51.1,107.0,35.4,50.1,66.6,6.7,18.9,10.1,26.8,40.2,31.3,75.6,54.2,4.5,5.1,14.2,12.0,1.179,0.788,0.909,69.9,15.6,65.9,-6.7,38.9,44.7,33.6,41.7,71.3,96.1,11.8,10.0,1.185
Stony Brook,72.5,-1.2,26.0,59.7,1.032,1.049,50.3,107.4,34.0,49.9,75.2,8.1,23.9,8.0,23.0,34.7,24.5,71.6,48.7,2.9,6.5,10.8,10.7,1.013,0.567,0.556,70.2,14.5,73.7,1.2,45.8,52.6,33.6,54.1,68.4,109.2,14.1,12.0,1.178
Lg Beach St,72.4,-0.3,25.2,57.9,0.993,0.997,49.2,106.4,35.7,47.2,72.3,6.5,18.2,8.0,22.8,34.4,25.0,74.3,49.9,3.0,6.9,12.4,13.0,0.951,0.6,0.429,73.0,16.6,72.8,0.3,44.7,51.6,35.5,50.7,74.3,109.5,13.7,14.3,0.963
Northwestern,72.4,1.8,26.4,62.3,1.011,0.986,49.0,103.8,34.6,47.3,71.9,8.3,24.1,8.0,23.7,35.2,23.2,77.9,49.0,3.3,6.5,15.5,9.8,1.58,0.467,0.375,71.6,17.6,70.6,-1.8,43.2,50.8,36.8,47.7,72.5,108.8,14.7,13.5,1.092
Oakland,72.3,2.5,24.8,57.8,1.029,0.993,49.1,107.7,29.7,52.5,78.8,7.2,24.2,9.2,22.0,34.0,29.0,67.8,48.9,2.4,8.6,12.7,12.4,1.021,0.6,0.667,70.3,14.1,69.8,-2.5,43.6,50.2,31.0,52.9,70.5,104.8,16.7,14.1,1.182
James Mad,72.1,-3.0,26.2,58.3,1.01,1.052,51.1,108.1,34.2,50.9,70.5,7.1,20.7,8.0,21.5,32.3,24.7,68.8,47.1,2.0,7.8,12.1,12.5,0.967,0.482,0.692,71.4,16.7,75.1,3.0,45.4,53.3,33.7,55.7,74.5,112.4,15.9,14.5,1.095
Michigan St,72.1,3.6,26.0,56.9,1.033,0.981,52.0,110.7,37.8,49.7,74.7,7.2,19.0,8.5,25.2,37.1,28.5,75.6,53.2,5.1,5.8,15.8,13.1,1.207,0.647,0.546,69.8,16.9,68.4,-3.6,41.6,47.5,31.2,47.9,70.9,101.4,12.8,10.4,1.225
U Penn,72.0,-3.4,26.7,59.9,1.012,1.06,51.3,107.9,33.5,52.1,72.8,8.1,24.1,7.3,24.3,34.5,22.8,74.3,48.8,2.3,5.5,12.6,11.8,1.073,0.429,0.714,71.2,17.3,75.5,3.4,45.5,52.1,34.7,52.1,71.0,109.6,12.2,10.7,1.14
Texas A&M,72.0,4.9,25.4,57.7,1.009,0.941,49.7,106.6,33.1,49.7,70.6,6.7,20.1,9.8,21.7,35.0,30.9,68.4,50.1,3.5,9.8,13.5,13.4,1.004,0.657,0.667,71.3,18.0,67.1,-4.9,41.8,47.8,31.7,47.9,72.9,103.5,15.1,16.6,0.905
Notre Dame,71.9,5.0,25.6,55.8,1.064,0.99,54.0,114.0,37.7,52.0,75.9,9.1,24.0,6.0,25.5,33.8,20.2,77.9,50.3,1.8,5.1,14.2,10.3,1.376,0.677,0.727,67.6,13.0,66.9,-5.0,43.5,49.1,31.7,49.9,69.3,102.8,11.3,9.9,1.133
Portland,71.9,-1.0,24.6,57.1,0.995,1.009,49.6,108.7,34.5,48.3,80.2,7.5,21.8,7.1,25.2,35.1,22.1,74.2,49.2,2.5,4.7,13.6,13.0,1.046,0.533,0.556,72.3,16.5,72.9,1.0,42.8,49.8,34.6,48.4,73.2,105.5,12.7,12.2,1.041
Idaho,71.9,-8.4,24.8,57.2,0.988,1.104,50.2,108.3,36.7,47.4,74.7,7.8,21.1,6.8,23.6,33.5,20.9,74.8,48.2,2.3,3.5,11.5,13.2,0.869,0.241,0.4,72.7,19.7,80.3,8.4,48.7,54.6,35.1,55.5,69.7,114.3,12.2,10.3,1.177
IPFW,71.8,1.9,25.6,56.7,1.009,0.983,53.3,112.4,36.5,52.2,74.9,9.2,25.1,5.8,21.6,30.3,19.5,74.1,47.3,2.4,8.5,13.7,13.5,1.015,0.633,1.0,71.1,15.5,69.9,-1.9,45.9,52.9,34.9,53.2,72.2,110.9,12.9,15.2,0.851
Providence,71.8,4.8,24.4,55.9,1.037,0.967,50.3,108.6,34.3,49.6,72.6,7.3,21.3,8.8,24.7,37.5,28.5,74.9,52.1,3.8,5.0,13.2,11.7,1.131,0.833,0.846,69.3,16.0,67.0,-4.8,41.1,46.7,31.2,46.6,70.9,99.6,11.4,10.6,1.069
Yale,71.8,2.0,25.5,57.8,0.995,0.967,50.1,107.6,32.9,50.5,73.7,6.9,21.0,7.4,25.5,36.0,23.5,75.9,50.2,3.2,6.0,11.8,12.9,0.915,0.621,0.75,72.1,17.6,69.8,-2.0,42.6,48.9,30.4,51.1,68.1,103.6,12.0,12.9,0.933
Lipscomb,71.8,-5.1,25.2,55.6,1.005,1.077,52.3,111.2,34.0,53.2,72.2,7.8,23.0,6.1,26.2,35.0,20.2,73.0,49.2,2.4,4.2,14.8,13.0,1.144,0.367,0.556,71.4,13.5,76.9,5.1,43.8,51.5,37.5,48.1,72.4,107.8,15.0,9.7,1.538
Drexel,71.8,1.6,27.0,58.8,1.033,1.01,52.0,108.9,34.7,52.0,71.1,7.1,20.6,7.7,24.0,34.0,24.9,75.6,50.1,2.9,4.8,12.1,11.2,1.076,0.5,0.333,69.5,15.3,70.1,-1.6,45.1,50.4,33.4,50.6,70.0,106.0,11.0,11.1,0.987
Clemson,71.7,3.3,25.8,56.6,1.052,1.004,52.4,111.0,36.3,51.2,73.6,7.8,21.4,7.3,24.6,34.6,24.2,76.8,51.4,2.3,5.9,14.2,11.0,1.291,0.515,0.273,68.2,15.8,68.5,-3.3,42.6,49.7,33.3,49.4,76.3,106.8,12.1,11.4,1.067
Richmond,71.7,3.4,25.4,57.2,1.04,0.991,51.5,109.3,33.7,52.2,72.5,8.1,24.1,6.5,23.8,32.3,20.5,73.9,47.7,2.3,7.9,14.7,9.8,1.496,0.657,0.546,68.9,13.9,68.3,-3.4,44.4,50.5,34.3,50.0,72.3,106.1,12.5,12.9,0.967
Texas Tech,71.7,11.4,25.9,55.2,1.027,0.864,52.4,110.9,31.4,55.1,69.9,6.0,19.0,9.1,24.4,36.5,31.9,76.6,54.6,3.5,8.2,13.6,13.9,0.979,0.735,0.444,69.8,16.2,60.3,-11.4,38.4,45.5,31.3,44.3,68.3,98.0,11.0,16.1,0.684
Nevada,71.7,-2.4,25.6,57.3,0.997,1.029,50.6,108.7,33.0,51.3,74.9,6.9,20.8,7.3,24.3,34.0,23.2,76.1,49.6,3.3,6.3,14.4,13.0,1.105,0.4,0.333,71.9,17.6,74.1,2.4,44.5,52.4,35.9,51.2,72.6,110.8,14.6,13.0,1.123
NW State,71.7,-10.9,26.8,61.6,0.956,1.101,49.5,104.1,34.4,48.4,70.2,7.2,21.1,8.6,22.4,34.8,25.5,68.2,47.5,3.3,6.0,14.3,14.8,0.967,0.207,0.167,75.0,17.6,82.6,10.9,47.3,53.2,34.0,54.4,74.2,113.3,14.4,12.6,1.146
Liberty,71.7,5.9,24.9,54.0,1.06,0.973,55.5,117.0,38.1,54.0,76.7,10.2,26.8,5.9,24.9,33.5,20.4,78.7,51.1,1.9,5.0,14.0,12.0,1.17,0.633,0.333,67.6,15.5,65.8,-5.9,41.4,48.3,34.2,46.3,72.4,103.9,10.9,11.4,0.962
Youngs St,71.7,1.0,25.5,57.3,1.048,1.033,51.3,109.6,34.5,50.9,76.1,7.7,22.2,8.7,22.5,33.8,28.3,73.4,50.9,2.4,5.0,11.7,11.5,1.014,0.533,0.455,68.4,17.6,70.6,-1.0,44.8,51.1,35.0,50.4,72.2,108.4,12.8,11.6,1.11
Wash State,71.6,6.7,24.6,60.4,1.031,0.934,48.3,104.0,34.0,46.2,74.6,9.1,26.7,10.9,22.8,36.8,32.5,73.7,51.2,4.6,6.4,11.2,11.3,0.995,0.588,0.182,69.5,17.6,64.9,-6.7,41.4,47.0,31.7,46.7,73.9,101.9,11.1,14.1,0.788
Houston Bap,71.6,-7.8,24.9,57.5,0.972,1.077,48.7,105.5,30.5,50.4,71.5,6.2,20.5,8.8,21.8,33.8,27.2,73.7,50.0,2.1,7.7,11.9,14.9,0.799,0.28,0.333,73.7,19.4,79.4,7.8,48.5,55.3,38.8,53.7,75.2,117.8,13.2,13.8,0.959
Kennesaw St,71.6,-1.9,26.1,58.1,1.026,1.053,51.8,108.0,36.2,50.3,65.9,8.0,22.1,8.7,22.6,34.0,27.6,74.2,50.0,2.6,6.3,13.0,11.9,1.093,0.333,0.333,69.8,17.8,73.5,1.9,45.5,53.1,36.2,52.1,70.3,112.1,14.0,12.4,1.122
Portland St,71.6,-2.0,25.6,60.9,0.965,0.993,47.1,102.3,29.7,48.4,74.2,6.1,20.7,8.0,21.2,32.7,23.8,71.0,46.0,3.1,9.0,10.6,12.3,0.86,0.414,0.364,74.2,20.0,73.6,2.0,45.8,52.6,36.7,51.2,69.4,111.7,12.4,16.9,0.737
Seton Hall,71.6,5.3,25.2,60.4,1.015,0.94,47.6,103.3,33.3,46.2,75.6,7.2,21.5,10.7,25.1,38.7,31.3,73.2,51.8,5.5,7.1,10.0,12.1,0.831,0.667,0.643,70.5,15.7,66.3,-5.3,40.1,45.4,31.0,44.8,77.3,99.1,11.4,12.7,0.898
N Mex State,71.6,6.2,25.2,55.5,1.03,0.94,52.2,110.3,32.8,54.2,69.3,7.5,22.9,9.8,25.4,37.7,32.6,76.0,54.6,4.3,4.7,13.5,14.1,0.958,0.793,0.625,69.5,16.3,65.3,-6.2,39.1,45.5,30.0,45.8,74.2,98.5,11.0,11.5,0.958
UCSB,71.5,5.8,26.0,53.7,1.044,0.96,53.5,113.3,33.4,55.0,70.5,5.4,16.1,8.0,23.2,33.2,28.0,75.1,51.6,2.6,6.3,14.8,13.0,1.142,0.577,0.2,68.5,17.4,65.8,-5.8,42.9,48.1,32.0,48.2,74.0,103.8,12.1,13.1,0.924
Wyoming,71.5,5.8,24.7,54.4,1.045,0.96,52.3,111.8,32.9,54.4,72.3,7.5,22.7,6.9,26.0,35.6,23.3,77.2,51.9,2.0,3.7,10.7,11.4,0.939,0.727,0.818,68.4,15.3,65.7,-5.8,41.3,47.1,30.0,48.3,72.2,100.3,10.2,10.5,0.974
Sacred Hrt,71.4,-4.6,26.3,59.6,1.011,1.076,50.8,107.2,34.2,50.5,73.1,7.9,23.2,9.1,22.0,35.0,28.6,69.2,49.8,2.1,5.3,14.0,13.6,1.033,0.31,0.333,70.6,15.8,76.0,4.6,46.5,53.2,35.0,53.6,66.4,110.1,15.1,10.9,1.386
Indiana,71.3,5.6,26.0,56.9,1.017,0.937,51.0,108.1,33.5,51.4,69.6,6.0,17.9,7.6,25.5,36.4,24.7,76.9,52.1,4.9,5.6,14.8,11.8,1.254,0.618,0.417,70.1,17.4,65.7,-5.6,39.2,45.8,32.6,43.6,75.8,100.2,10.6,12.1,0.879
IL-Chicago,71.3,-2.4,26.3,60.2,1.003,1.037,51.1,106.9,32.4,53.3,70.8,9.0,27.8,7.7,22.7,33.0,23.7,75.2,48.2,3.9,5.6,14.2,12.0,1.187,0.448,0.75,71.1,17.3,73.7,2.4,46.5,51.6,37.4,50.0,72.3,110.1,11.7,11.8,0.991
NC-Asheville,71.3,0.5,24.3,55.8,0.996,0.99,49.9,108.2,33.2,50.0,73.3,7.1,21.5,7.4,21.9,32.7,23.9,69.8,46.8,4.9,6.2,11.7,12.7,0.916,0.482,0.4,71.6,16.0,70.8,-0.5,44.9,49.3,28.3,52.4,68.2,103.8,12.6,13.2,0.955
Bucknell,71.2,-8.3,25.6,55.9,1.003,1.119,52.8,112.1,37.6,50.6,76.5,7.9,21.0,5.7,23.1,31.7,19.1,70.7,47.1,3.1,4.6,14.7,13.5,1.093,0.281,0.5,70.9,15.3,79.4,8.3,46.6,53.8,37.3,52.4,74.9,112.4,15.8,9.6,1.647
Colorado,71.1,3.7,24.8,56.0,1.009,0.957,50.4,109.0,36.6,48.1,75.6,6.9,18.8,8.2,25.4,37.1,27.4,77.5,53.6,3.2,5.5,13.4,13.5,0.987,0.636,0.7,70.4,15.6,67.4,-3.7,42.0,48.1,33.1,47.2,72.4,102.6,11.2,12.1,0.925
Central Ark,71.0,-12.1,26.8,62.4,0.947,1.109,48.2,102.5,29.5,50.3,75.4,6.5,22.0,8.3,23.0,34.3,24.9,71.0,47.2,3.0,6.3,13.6,13.9,0.983,0.31,0.714,75.0,16.7,83.2,12.1,48.4,54.8,35.3,55.8,72.3,114.8,16.2,12.0,1.344
Jksnville St,71.0,4.4,25.1,54.5,1.039,0.975,54.2,113.1,38.2,51.8,68.3,8.9,23.3,7.9,25.5,36.3,26.8,75.4,52.5,3.0,6.0,13.5,13.4,1.01,0.655,0.5,68.3,14.4,66.6,-4.4,40.7,48.0,32.5,47.4,77.4,102.1,12.8,11.4,1.12
Florida St,71.0,-0.9,25.8,59.4,1.004,1.017,49.0,104.5,33.1,48.7,70.8,6.7,20.3,9.6,21.9,34.9,29.6,70.5,49.8,4.9,8.5,14.4,12.5,1.15,0.548,0.769,70.7,16.3,71.9,0.9,44.4,52.2,36.9,50.0,71.0,110.1,14.0,14.5,0.967
Maryland,70.9,0.2,24.7,57.0,1.025,1.022,49.4,107.2,32.6,49.7,75.9,6.9,21.2,8.3,24.6,35.2,26.2,74.3,50.1,3.2,6.4,11.6,11.4,1.016,0.469,0.222,69.2,15.2,70.7,-0.2,43.3,50.2,35.5,48.2,73.8,106.1,13.5,10.9,1.235
Miss State,70.9,4.5,25.4,55.9,1.028,0.963,49.5,107.2,29.5,51.6,72.2,4.6,15.7,10.2,23.6,36.6,32.8,76.4,54.4,3.4,8.1,13.4,13.1,1.023,0.546,0.444,69.0,15.7,66.4,-4.5,42.8,49.6,32.1,50.6,72.6,105.5,13.7,13.2,1.034
Boston U,70.9,3.3,25.7,56.3,1.053,1.005,52.3,110.8,35.2,52.0,74.0,7.5,21.2,8.5,23.4,34.8,28.8,76.6,53.3,2.3,5.7,10.8,12.1,0.892,0.625,0.615,67.3,15.8,67.6,-3.3,45.0,50.3,33.0,50.7,73.8,107.3,11.9,11.1,1.076
E Tenn St,70.8,-2.4,26.4,59.6,1.047,1.083,51.7,107.6,35.1,51.1,70.4,8.8,25.2,9.3,22.0,34.3,29.0,70.3,49.6,2.8,6.5,12.8,11.2,1.14,0.433,0.429,67.6,15.0,73.2,2.4,45.1,53.1,34.2,54.7,71.2,111.1,14.8,11.0,1.347
TX-Pan Am,70.8,-8.9,24.3,55.5,0.949,1.068,49.5,106.6,30.3,51.9,69.2,6.3,20.9,7.2,23.3,33.9,22.8,68.8,46.5,3.1,5.3,12.0,15.1,0.795,0.207,0.5,74.6,19.9,79.7,8.9,45.3,51.9,32.7,53.7,69.3,109.9,17.5,13.0,1.341
Florida,70.8,4.7,24.2,56.5,1.028,0.96,49.9,107.6,30.7,53.1,73.5,8.0,26.0,9.4,20.6,33.5,30.2,70.5,49.2,5.2,8.1,12.8,12.3,1.043,0.594,0.625,68.9,16.0,66.1,-4.7,43.9,49.3,32.8,49.3,70.1,104.7,11.7,14.5,0.808
Quinnipiac,70.8,-1.4,25.0,58.7,1.003,1.022,50.0,106.9,34.0,49.2,76.4,8.7,25.5,8.5,23.7,35.1,26.6,72.8,50.3,2.1,6.2,14.0,12.9,1.085,0.433,0.25,70.6,16.9,72.1,1.4,43.7,50.6,37.1,47.6,72.3,107.0,12.5,11.9,1.047
VA Tech,70.7,8.5,26.0,55.3,1.09,0.96,55.2,115.1,39.3,52.6,74.3,9.0,22.9,7.5,22.7,32.2,26.3,76.2,51.5,3.2,5.4,14.4,10.8,1.333,0.657,0.462,64.9,14.7,62.3,-8.5,42.9,48.7,31.7,49.4,74.4,103.8,11.6,12.0,0.969
Vanderbilt,70.7,3.1,23.5,55.3,0.998,0.954,50.3,107.8,33.8,50.0,69.6,8.6,25.4,8.2,23.2,34.2,25.6,73.9,49.4,3.4,7.4,11.6,13.3,0.872,0.529,0.444,70.9,18.0,67.6,-3.1,42.2,48.2,30.1,50.2,73.1,104.5,13.2,14.5,0.909
Geo Mason,70.7,2.2,25.0,56.2,1.02,0.988,52.9,110.7,35.8,52.2,69.4,9.3,26.1,7.1,24.6,34.7,23.6,78.6,51.3,3.2,5.1,14.1,12.2,1.155,0.467,0.286,69.3,16.0,68.5,-2.2,42.3,49.6,34.4,48.1,73.2,105.9,12.0,11.6,1.029
Georgetown,70.7,-6.3,24.8,62.1,0.972,1.059,46.2,100.1,34.2,43.3,74.4,7.6,22.4,11.0,22.8,37.3,31.0,72.2,50.1,3.8,7.2,11.8,13.4,0.884,0.194,0.167,72.7,16.2,77.0,6.3,45.9,53.6,36.9,52.4,72.6,112.5,17.0,12.8,1.325
Wisconsin,70.7,4.2,25.0,58.8,1.032,0.971,48.2,104.3,31.2,48.9,74.2,6.6,21.2,7.9,24.3,34.9,24.1,78.2,50.2,2.8,5.3,11.1,8.5,1.294,0.774,0.857,68.5,17.0,66.5,-4.2,43.9,49.4,32.3,49.9,68.0,103.9,11.5,11.3,1.011
UMKC,70.7,-0.3,26.0,56.2,1.017,1.02,52.3,109.3,35.8,51.6,66.9,6.8,19.0,6.1,21.3,29.4,19.8,74.9,46.4,2.6,6.3,11.6,10.7,1.09,0.556,0.5,69.5,21.0,71.0,0.3,46.2,52.0,33.6,52.8,75.2,113.4,11.4,14.4,0.794
Washington,70.6,-1.7,24.9,60.3,0.967,0.99,46.4,100.6,31.2,46.2,70.1,6.2,19.8,9.3,21.3,33.4,27.2,67.3,46.2,4.1,8.3,10.2,11.9,0.856,0.531,0.667,73.1,16.6,72.3,1.7,44.2,49.9,33.5,49.8,72.0,106.4,14.3,15.7,0.909
Denver,70.6,-4.2,25.5,55.2,1.007,1.066,52.7,111.0,37.1,51.1,69.8,7.3,19.8,6.3,23.1,32.1,21.2,73.8,48.4,3.2,4.9,12.3,12.8,0.963,0.333,0.333,70.1,17.4,74.8,4.2,45.0,52.3,36.4,50.8,74.0,111.5,12.1,11.4,1.067
Grd Canyon,70.4,8.4,25.1,58.3,1.021,0.899,49.9,105.1,34.8,48.3,67.2,8.0,23.0,10.6,25.1,39.7,33.4,73.3,53.6,2.2,6.3,12.6,12.9,0.979,0.724,0.556,68.9,18.2,62.0,-8.4,38.9,43.5,26.9,45.1,69.3,94.9,9.4,12.5,0.754
St Bonavent,70.3,4.0,26.4,58.3,1.028,0.97,50.4,107.2,32.5,51.2,75.0,5.9,18.3,7.9,22.9,34.0,25.6,75.6,50.3,4.9,6.4,13.8,10.6,1.306,0.7,0.714,68.4,13.4,66.4,-4.0,42.4,50.0,34.1,49.1,71.7,105.1,14.2,12.9,1.106
LA Lafayette,70.3,0.2,24.3,57.3,0.971,0.968,48.6,104.9,34.3,47.0,71.1,7.2,21.1,10.2,24.9,38.4,31.6,74.1,53.3,4.1,6.7,12.2,15.6,0.787,0.483,0.444,72.3,18.3,70.1,-0.2,41.5,46.9,32.2,46.2,75.0,103.0,12.4,13.0,0.955
Wofford,70.2,3.6,24.6,54.2,1.067,1.012,53.9,114.3,34.8,55.5,77.3,9.3,26.6,7.2,21.5,30.5,25.4,78.9,51.8,1.4,6.6,12.8,11.5,1.116,0.567,0.375,65.8,15.3,66.7,-3.6,45.3,53.8,36.2,53.3,73.9,113.3,11.8,12.8,0.922
Morgan St,70.2,-4.5,25.7,61.8,0.913,0.972,46.4,98.9,30.7,46.5,66.7,6.0,19.7,9.8,21.8,36.3,28.9,72.6,49.6,3.3,7.0,13.6,16.0,0.85,0.391,0.5,76.8,20.3,74.7,4.5,44.9,51.6,34.7,51.3,70.1,110.8,12.3,17.4,0.71
SC Upstate,70.1,-4.9,25.1,56.5,0.983,1.052,51.4,109.4,36.3,49.5,75.3,7.9,21.9,6.1,22.4,31.6,19.8,70.8,46.1,3.4,6.2,13.3,13.0,1.019,0.448,0.6,71.4,19.3,75.1,4.9,44.4,51.2,33.1,52.3,70.9,109.6,14.2,12.5,1.138
Southern,70.1,1.8,24.9,57.5,0.961,0.937,49.2,105.2,35.0,47.5,70.2,6.9,19.6,8.0,20.8,31.4,25.2,69.5,47.4,2.6,9.9,13.0,14.7,0.889,0.517,0.444,73.0,21.0,68.3,-1.8,44.2,49.2,28.4,52.9,70.6,107.4,11.4,18.1,0.632
TN Tech,70.1,-4.2,26.9,61.3,0.973,1.031,49.2,102.6,32.9,49.2,66.1,6.5,19.9,9.8,23.1,36.2,29.4,71.3,50.0,3.5,7.1,14.9,13.4,1.109,0.3,0.286,72.0,14.9,74.3,4.2,45.0,51.5,32.4,53.4,73.4,108.2,17.3,12.8,1.352
Charlotte,70.0,-1.2,25.2,54.8,1.031,1.048,52.9,112.9,34.5,53.6,79.2,7.5,21.8,5.8,23.0,31.3,20.4,76.9,49.0,2.9,4.8,14.0,11.5,1.216,0.548,0.7,68.0,14.1,71.2,1.2,46.1,52.6,36.2,51.7,76.8,111.6,12.2,11.3,1.08
Manhattan,69.9,-3.8,23.9,55.0,0.977,1.03,48.3,106.2,29.9,50.0,73.6,5.4,18.1,8.8,21.7,33.2,28.2,71.4,49.5,3.4,6.9,11.1,14.4,0.77,0.483,0.857,71.6,18.1,73.7,3.8,46.6,52.2,33.9,52.9,71.1,110.8,14.9,13.9,1.067
Central FL,69.8,1.6,24.7,58.3,0.998,0.975,49.9,105.5,35.0,47.9,70.3,8.8,25.1,9.6,22.8,35.2,29.8,71.8,49.7,3.7,7.0,14.5,13.0,1.113,0.6,0.5,70.0,15.7,68.2,-1.6,42.3,48.7,31.2,50.0,73.7,104.7,13.3,14.1,0.939
Georgia,69.8,-8.7,23.8,53.9,0.979,1.101,50.2,109.3,32.1,51.3,74.7,6.4,19.9,6.6,22.7,32.7,22.3,70.9,48.4,2.2,5.2,13.9,14.4,0.961,0.188,0.167,71.3,15.0,78.5,8.7,47.4,54.6,34.9,56.1,71.6,113.4,16.5,11.0,1.507
Hartford,69.8,-2.3,25.0,55.6,1.015,1.049,53.3,111.1,36.9,51.5,69.0,9.3,25.1,6.3,23.4,32.4,21.3,73.8,48.3,3.2,6.0,12.2,12.2,1.0,0.375,0.4,68.8,15.0,72.2,2.3,44.8,51.6,35.7,50.4,72.8,109.3,12.4,11.1,1.115
Bradley,69.8,4.6,25.6,57.7,1.007,0.941,51.1,107.0,34.1,51.1,68.5,7.8,22.8,9.7,25.8,38.2,30.8,78.8,54.4,4.5,6.2,13.4,13.5,0.988,0.533,0.333,69.3,16.9,65.2,-4.6,40.8,46.9,32.2,46.1,74.4,101.7,10.0,12.4,0.811
S Car State,69.8,-4.6,24.5,64.1,0.921,0.982,43.3,94.5,30.6,42.1,69.5,6.5,21.1,12.8,24.0,40.3,32.9,73.5,51.2,3.6,6.3,11.4,14.8,0.77,0.429,0.6,75.7,19.8,74.4,4.6,43.0,49.9,35.7,47.7,70.1,107.1,14.2,14.9,0.952
Utah,69.7,-1.2,24.3,58.0,1.002,1.018,48.4,105.1,33.5,47.3,77.4,7.6,22.8,8.5,24.4,36.3,26.2,73.3,50.2,2.9,4.6,13.5,12.3,1.1,0.355,0.333,69.6,16.5,70.9,1.2,43.6,49.4,32.9,49.4,70.5,104.7,13.1,10.3,1.272
Neb Omaha,69.7,-14.7,25.2,58.4,0.963,1.166,49.3,105.1,35.8,46.9,73.1,7.2,20.0,7.8,22.9,32.6,23.0,71.8,46.6,2.6,4.6,10.9,13.8,0.794,0.138,0.4,72.4,19.4,84.4,14.7,48.5,56.3,39.9,54.0,73.4,118.9,14.2,10.5,1.359
Utah Val St,69.7,4.0,24.5,54.3,0.992,0.936,50.6,108.6,36.8,48.6,70.9,6.0,16.3,9.2,27.7,39.7,30.0,77.1,55.4,4.3,5.3,14.2,15.2,0.93,0.6,0.333,70.2,16.8,65.7,-4.0,40.1,45.4,29.0,46.6,67.9,97.1,12.2,10.7,1.14
S Carolina,69.7,-1.2,25.5,61.0,0.939,0.956,47.3,100.3,31.3,47.4,67.1,6.6,21.2,10.8,22.6,37.6,31.8,69.3,50.5,4.9,7.8,13.5,15.5,0.871,0.567,0.857,74.2,19.8,70.9,1.2,41.5,47.2,31.9,46.9,70.1,103.2,13.2,15.5,0.852
W Carolina,69.6,-8.6,24.2,60.7,0.979,1.1,47.9,101.3,31.3,48.9,67.7,9.7,31.1,9.9,24.1,36.7,27.6,72.9,49.1,2.3,4.8,12.5,12.4,1.01,0.323,0.75,71.1,16.9,78.2,8.6,45.0,53.2,36.0,52.7,71.7,111.8,14.8,10.0,1.477
Mercer,69.6,-2.3,24.6,54.2,1.035,1.068,52.9,112.8,35.3,52.9,77.5,8.1,23.0,6.6,22.0,32.3,23.3,73.9,50.1,2.8,5.6,14.0,12.2,1.149,0.452,0.444,67.3,15.5,71.9,2.3,45.5,52.8,34.9,53.2,72.7,111.3,13.4,10.5,1.277
NC-Wilmgton,69.6,1.2,24.3,58.5,1.011,0.993,47.4,102.7,32.3,46.8,72.4,7.0,21.6,8.9,21.3,33.1,26.7,70.0,47.4,4.0,7.4,10.2,10.4,0.987,0.7,0.667,68.9,18.2,68.4,-1.2,44.9,50.6,36.4,48.7,67.4,106.8,10.1,13.6,0.738
Harvard,69.6,-0.5,25.7,60.2,0.974,0.981,49.6,103.6,32.6,50.0,67.3,8.3,25.3,7.9,23.3,34.2,23.3,78.6,49.1,2.2,7.2,10.9,12.2,0.89,0.435,0.333,71.4,16.5,70.0,0.5,44.8,52.1,37.1,49.8,73.2,110.9,12.4,14.5,0.859
St Marys,69.5,8.4,26.2,56.5,1.04,0.915,52.6,110.8,35.1,52.5,76.7,7.2,20.4,7.0,23.7,33.4,24.7,80.1,53.1,2.5,6.9,13.5,11.2,1.202,0.774,0.857,66.9,15.6,61.2,-8.4,43.4,48.3,34.4,47.0,71.4,102.2,8.4,12.8,0.654
Detroit,69.5,-0.8,24.5,56.4,1.049,1.061,52.6,111.1,36.8,50.0,78.6,10.3,27.9,8.3,20.2,31.1,27.0,71.2,48.7,1.8,5.8,11.8,11.8,1.0,0.464,0.25,66.3,15.6,70.3,0.8,46.8,54.0,35.1,54.9,71.4,113.4,14.7,12.5,1.174
Prairie View,69.5,-6.8,24.0,56.1,0.933,1.025,48.4,104.7,34.5,46.8,70.3,6.3,18.3,9.3,22.0,35.0,30.0,67.3,49.2,3.1,8.5,11.4,17.4,0.656,0.296,0.333,74.5,21.2,76.3,6.8,44.7,51.0,35.7,49.6,66.6,108.7,12.7,15.0,0.849
TX Southern,69.5,3.9,25.3,57.9,0.97,0.915,48.6,103.4,31.7,49.1,67.5,5.7,18.0,10.5,25.5,39.6,32.4,75.2,53.5,5.1,5.5,10.7,14.9,0.716,0.613,0.6,71.6,17.8,65.5,-3.9,39.5,44.8,29.8,44.9,65.0,96.2,11.1,12.0,0.922
Kent State,69.5,3.2,24.3,56.1,1.01,0.964,49.7,107.2,32.1,50.7,74.7,7.2,22.3,9.0,22.9,35.3,29.8,75.5,52.5,3.5,6.8,11.9,12.6,0.949,0.677,0.667,68.7,18.3,66.3,-3.2,41.8,48.4,31.3,49.6,71.2,104.6,11.6,13.2,0.885
Montana,69.4,-0.3,23.4,53.1,1.011,1.015,50.2,110.6,33.9,49.9,78.8,6.4,19.0,4.7,21.4,28.5,16.0,77.3,45.3,2.6,5.3,11.5,10.5,1.095,0.517,0.375,68.7,19.7,69.7,0.3,46.2,51.8,37.5,49.9,73.0,112.1,10.6,12.8,0.825
Cincinnati,69.4,3.2,24.6,61.1,0.99,0.945,46.9,99.6,31.4,46.6,67.2,8.1,25.8,9.9,24.1,37.2,28.5,71.8,49.6,3.8,6.2,13.0,10.4,1.246,0.531,0.444,70.1,17.6,66.2,-3.2,40.2,45.0,31.2,44.2,72.1,98.6,12.1,12.3,0.985
Brown,69.3,-1.4,24.8,57.4,0.978,0.998,49.4,105.0,31.7,50.6,69.5,7.1,22.3,8.4,22.7,34.6,26.0,74.5,49.7,4.0,6.3,11.6,13.2,0.879,0.407,0.3,70.9,18.0,70.7,1.4,44.7,51.1,33.9,51.3,69.7,108.4,11.8,13.4,0.879
Akron,69.3,5.1,23.6,52.0,1.059,0.981,52.8,112.0,35.6,52.4,69.2,7.7,21.7,7.9,23.5,34.0,27.6,75.9,51.9,3.1,5.5,11.5,11.4,1.011,0.71,0.6,65.4,16.0,64.2,-5.1,43.2,49.3,34.7,47.8,70.3,104.1,9.5,11.3,0.848
LA Monroe,69.3,-6.1,25.8,58.1,0.97,1.056,50.2,106.0,33.2,50.5,71.7,6.8,20.6,6.9,21.5,31.3,21.7,67.8,45.5,2.6,6.7,14.5,13.3,1.092,0.357,0.5,71.4,17.3,75.4,6.1,45.8,52.9,36.2,52.0,69.3,111.4,15.5,13.6,1.139
Cal Baptist,69.2,0.0,23.7,55.0,0.983,0.983,50.3,106.9,33.2,50.6,67.7,7.9,23.7,8.6,24.6,35.7,26.8,73.6,50.5,2.6,5.0,15.1,14.2,1.068,0.5,0.455,70.4,18.7,69.2,0.0,42.7,48.1,32.5,47.8,68.7,102.8,12.8,12.0,1.067
TN State,69.2,-1.9,25.2,57.6,0.975,1.002,49.4,105.0,35.1,47.8,70.3,6.5,18.5,8.5,22.9,34.4,27.4,73.0,50.3,3.1,6.6,11.9,13.7,0.867,0.414,0.5,70.9,18.9,71.1,1.9,43.7,50.2,33.7,49.9,71.8,108.2,13.3,13.5,0.982
Loyola Mymt,69.1,-5.2,24.9,54.8,1.004,1.079,51.9,110.0,34.2,52.3,72.1,7.1,20.9,6.8,20.8,29.7,22.6,73.3,47.7,1.7,5.3,11.1,13.0,0.852,0.357,0.364,68.9,17.8,74.3,5.2,48.1,54.7,36.0,55.0,77.4,116.4,14.7,12.3,1.198
Dayton,69.1,8.0,25.5,53.5,1.051,0.93,54.0,112.5,36.5,53.5,68.2,6.7,18.2,7.9,24.3,35.0,28.2,78.6,54.7,3.8,5.7,14.4,12.5,1.15,0.697,0.583,65.7,14.0,61.2,-8.0,41.2,47.3,32.7,46.2,72.1,100.4,12.0,11.2,1.07
Oklahoma,69.1,4.2,25.3,53.1,1.011,0.949,54.7,115.0,34.4,56.8,74.6,7.5,21.8,6.5,22.9,31.9,23.5,75.4,50.9,1.9,7.5,13.9,14.8,0.94,0.559,0.417,68.4,15.6,64.9,-4.2,43.7,49.1,31.2,50.3,73.8,104.5,10.7,13.7,0.779
Arkansas St,69.1,0.2,24.6,55.6,0.98,0.977,49.3,106.8,31.9,50.0,74.5,5.6,17.5,8.5,24.7,35.2,27.0,73.3,51.0,3.0,7.5,14.9,14.3,1.043,0.577,0.5,70.5,16.4,68.8,-0.2,43.6,49.2,33.3,48.8,70.3,104.2,12.2,13.3,0.911
S Alabama,69.1,4.1,25.2,55.1,1.005,0.946,51.7,109.3,34.2,51.9,71.2,6.5,19.1,7.4,22.6,32.8,24.8,70.7,48.5,4.8,6.4,11.2,13.0,0.858,0.577,0.375,68.7,17.1,65.0,-4.1,41.1,47.3,32.1,46.7,71.1,101.6,12.6,14.0,0.901
Army,69.1,-3.0,25.3,58.5,0.965,1.007,48.8,102.4,31.7,49.4,64.0,6.4,20.3,9.0,23.8,36.1,27.2,75.0,50.7,1.8,7.8,12.0,13.2,0.909,0.448,0.444,71.6,14.9,72.1,3.0,45.4,52.8,36.4,51.6,68.5,109.4,14.8,13.5,1.094
Creighton,69.0,3.1,25.8,57.2,0.983,0.939,50.9,107.5,30.7,53.9,72.9,6.7,21.8,8.2,27.4,38.3,26.6,74.3,51.9,4.4,5.4,13.2,14.1,0.935,0.667,0.778,70.2,13.4,65.9,-3.1,39.5,44.8,31.7,43.5,72.3,95.2,11.2,10.6,1.051
Kansas St,69.0,1.5,24.1,57.4,0.996,0.974,49.4,105.4,34.6,47.5,72.6,8.4,24.3,7.5,22.8,33.2,23.4,73.1,48.1,1.6,7.3,12.5,11.5,1.084,0.452,0.273,69.3,17.1,67.5,-1.5,43.4,49.5,30.2,52.4,69.7,105.3,13.3,13.5,0.988
Alabama St,69.0,-6.6,24.0,56.8,0.936,1.025,47.7,103.3,33.0,46.8,70.5,6.2,18.8,8.1,22.1,34.1,25.8,68.1,48.0,3.6,7.4,11.8,15.4,0.765,0.3,0.25,73.7,18.0,75.6,6.6,44.2,50.4,33.2,50.8,73.0,108.1,14.3,13.9,1.034
CS Fullerton,68.9,2.9,24.2,54.8,1.017,0.974,49.2,107.5,33.5,48.7,76.4,5.5,16.4,8.2,22.0,32.9,27.3,73.6,50.6,1.9,6.9,10.8,12.0,0.9,0.655,0.6,67.7,16.2,66.0,-2.9,44.1,50.8,37.1,48.0,69.1,106.4,13.2,13.4,0.979
Coastal Car,68.9,2.4,24.5,56.4,0.996,0.962,49.7,105.7,35.7,47.6,69.5,7.2,20.0,9.9,26.0,38.8,31.6,73.3,52.9,3.2,6.3,12.1,13.8,0.875,0.48,0.455,69.1,15.1,66.5,-2.4,39.3,46.1,29.3,48.0,71.8,98.8,13.1,11.4,1.151
UNLV,68.9,2.6,23.9,57.0,1.016,0.977,49.1,105.5,33.2,48.6,73.8,8.1,24.4,8.4,24.2,35.4,25.8,75.5,50.4,2.8,6.1,13.4,11.3,1.189,0.548,0.5,67.8,17.9,66.3,-2.6,41.7,48.4,31.9,48.8,72.2,103.9,12.4,11.5,1.082
North Dakota,68.8,-11.3,23.3,58.5,0.972,1.131,47.2,102.3,33.5,44.7,73.6,8.7,25.8,8.2,23.4,35.1,24.2,75.5,49.2,1.9,3.9,11.6,12.1,0.957,0.138,0.25,70.8,17.6,80.1,11.3,49.6,56.3,38.1,55.8,69.6,116.9,13.8,9.4,1.464
N Kentucky,68.8,3.0,24.7,58.3,1.017,0.972,49.5,104.8,34.1,48.3,71.2,8.3,24.2,11.1,21.9,35.5,35.2,71.3,51.9,2.4,8.6,13.1,13.2,0.992,0.6,0.667,67.7,15.3,65.8,-3.0,43.0,49.5,32.4,50.0,75.4,105.3,13.6,13.9,0.978
E Michigan,68.8,-7.8,25.1,58.7,0.93,1.035,48.2,102.6,30.7,49.3,69.9,6.4,20.8,7.0,24.6,34.8,21.2,74.0,47.6,3.1,5.7,10.2,13.9,0.734,0.3,0.75,74.0,17.6,76.6,7.8,45.1,51.6,35.6,50.6,70.6,108.7,12.7,12.2,1.041
E Carolina,68.8,-2.2,23.3,57.5,0.968,0.999,47.1,103.2,33.3,45.3,75.4,7.5,22.5,8.2,23.3,35.2,25.0,73.1,49.3,3.1,6.8,14.7,13.0,1.136,0.5,0.636,71.0,16.2,70.9,2.2,43.3,50.5,35.3,48.8,69.7,106.9,15.3,12.8,1.19
Marist,68.8,0.6,25.4,57.9,0.995,0.986,50.4,106.2,34.4,49.7,71.9,7.5,21.8,8.0,24.5,35.1,24.7,75.2,50.0,3.4,5.8,9.0,12.4,0.725,0.467,0.444,69.1,15.6,68.2,-0.6,41.5,48.3,33.4,47.1,72.8,103.4,13.2,11.4,1.161
Monmouth,68.6,1.3,23.6,56.3,0.994,0.975,47.5,103.7,33.1,46.3,72.8,6.4,19.2,9.0,24.3,36.5,27.7,73.8,50.9,3.3,6.3,11.7,11.7,0.997,0.618,0.6,69.0,18.1,67.3,-1.3,40.7,47.3,32.3,46.6,71.3,102.3,11.6,12.0,0.968
Florida Intl,68.6,-3.2,24.6,58.5,0.966,1.011,49.9,105.0,34.0,49.0,70.8,9.2,27.0,8.1,23.2,34.5,24.9,71.9,48.6,3.8,6.1,13.0,14.0,0.931,0.433,0.7,71.0,15.5,71.8,3.2,43.6,50.2,33.4,50.2,72.0,107.0,13.6,12.8,1.062
Morehead St,68.6,4.2,24.9,55.1,1.014,0.952,52.4,109.4,35.8,51.6,67.5,7.9,22.2,9.0,24.7,36.0,30.0,73.0,51.7,5.6,5.5,15.4,13.5,1.141,0.645,0.571,67.6,15.3,64.4,-4.2,41.1,46.5,32.6,45.3,67.7,98.1,12.1,11.5,1.05
Valparaiso,68.6,-2.4,25.1,55.9,0.996,1.031,51.0,108.8,32.9,52.1,76.7,6.9,21.0,5.3,23.4,31.5,17.3,77.0,48.0,3.1,6.2,11.5,11.2,1.033,0.4,0.455,68.9,13.7,71.0,2.4,45.8,52.3,35.6,51.6,75.5,109.8,13.6,11.1,1.219
Wichita St,68.5,2.1,23.5,58.4,0.971,0.941,46.7,102.0,31.2,46.7,75.3,7.5,24.2,10.3,23.9,37.1,30.5,75.1,51.5,4.6,7.5,12.0,12.9,0.933,0.536,0.4,70.5,15.9,66.4,-2.1,41.4,47.3,31.6,47.2,70.8,101.4,12.4,13.8,0.897
W Virginia,68.5,-0.5,23.6,57.1,0.98,0.988,46.8,102.3,32.8,45.7,72.4,6.3,19.2,9.4,20.3,32.3,28.4,68.0,47.2,4.5,7.8,10.5,12.4,0.844,0.485,0.429,69.8,17.4,69.0,0.5,44.6,50.6,32.4,51.7,71.2,108.0,13.0,15.4,0.846
Rob Morris,68.4,-7.0,25.4,55.5,0.984,1.085,50.9,108.7,32.9,51.6,76.1,5.8,17.6,7.8,21.9,32.1,26.8,70.3,48.7,3.8,5.9,12.2,14.2,0.863,0.226,0.333,69.5,15.7,75.5,7.0,46.5,53.1,36.9,51.9,72.2,111.8,15.0,11.5,1.305
Lehigh,68.4,-3.3,24.9,55.7,0.977,1.024,52.1,109.7,38.2,48.9,74.2,8.1,21.3,5.6,24.3,33.0,18.7,75.6,48.6,3.4,4.4,14.1,13.2,1.074,0.387,0.5,70.0,17.0,71.6,3.3,44.5,49.2,36.3,47.4,72.5,105.6,10.9,10.1,1.083
UC San Diego,68.4,-3.3,23.3,53.3,0.987,1.034,52.0,111.1,36.0,50.3,74.7,8.8,24.4,4.7,22.1,29.9,16.1,72.9,46.0,1.8,5.4,13.2,12.9,1.023,0.407,0.429,69.3,15.0,71.6,3.3,47.3,52.7,32.9,54.3,71.2,109.5,13.1,11.7,1.12
Geo Wshgtn,68.4,-4.5,25.3,59.0,0.95,1.012,48.9,103.2,33.8,47.9,69.8,7.1,21.1,7.0,23.7,33.3,21.2,71.1,46.2,4.2,6.9,12.3,12.6,0.971,0.4,0.625,72.0,17.1,72.8,4.5,44.3,49.6,30.7,51.4,71.7,105.5,13.5,12.7,1.063
Oklahoma St,68.4,2.7,25.1,57.9,0.947,0.909,48.0,102.1,29.5,49.8,66.7,5.4,18.2,10.3,24.0,37.1,31.3,71.4,50.8,5.4,8.5,12.7,15.1,0.839,0.5,0.417,72.2,17.4,65.7,-2.7,39.1,45.6,32.4,43.6,72.5,99.2,11.5,16.1,0.716
Texas,68.3,8.7,24.3,55.0,1.032,0.901,50.0,107.7,32.3,50.8,74.9,6.4,19.8,9.1,21.9,33.6,30.3,72.7,51.1,3.4,7.7,13.0,11.8,1.106,0.656,0.625,66.2,17.4,59.6,-8.7,41.3,46.6,31.8,46.1,66.9,100.4,9.2,15.1,0.608
Georgia St,68.3,1.1,23.9,61.2,0.968,0.953,45.1,97.7,32.3,43.1,71.6,7.3,22.6,11.0,21.9,36.1,31.0,72.1,49.8,4.2,8.2,12.6,11.6,1.079,0.6,0.5,70.6,16.6,67.2,-1.1,42.5,49.7,37.9,45.4,70.0,105.9,13.2,15.6,0.849
Oregon St,68.3,-9.8,25.6,57.9,0.969,1.109,49.2,104.3,31.9,49.8,70.9,5.7,17.8,7.3,20.3,30.8,23.2,67.4,45.7,3.0,6.0,12.1,12.5,0.967,0.097,0.0,70.5,17.5,78.1,9.8,47.9,55.0,35.9,55.8,71.6,115.0,15.1,12.1,1.249
Texas State,68.3,3.0,24.4,53.9,1.032,0.986,51.0,109.6,37.2,48.9,75.1,6.1,16.4,8.7,20.9,32.0,29.5,72.5,50.6,3.0,6.3,11.4,12.2,0.937,0.692,0.857,66.2,17.4,65.3,-3.0,43.7,50.7,35.0,49.5,72.9,108.6,12.5,14.3,0.874
Indiana St,68.2,-5.4,24.2,56.0,0.948,1.023,50.6,108.2,32.0,52.8,77.8,8.3,25.8,4.6,25.3,32.9,14.8,79.6,48.2,1.8,5.9,12.8,13.5,0.945,0.286,0.667,71.9,15.6,73.6,5.4,44.8,51.7,36.1,50.1,75.8,109.6,13.0,11.2,1.16
Mississippi,68.1,-0.5,24.8,57.0,0.985,0.993,49.6,105.2,32.6,49.9,71.1,6.9,21.3,8.0,22.6,33.4,25.0,75.7,49.4,2.8,7.1,13.2,12.2,1.079,0.406,0.333,69.2,15.2,68.7,0.5,45.5,51.4,32.3,53.1,70.9,108.2,15.2,13.1,1.157
Boise State,68.1,7.2,24.2,54.4,1.023,0.914,51.1,107.2,34.1,51.1,65.0,7.2,21.0,8.8,23.2,34.7,29.3,78.7,53.6,3.5,5.9,11.3,12.1,0.935,0.788,0.727,66.6,15.0,60.9,-7.2,42.8,48.2,32.4,48.0,72.1,102.4,9.8,13.2,0.745
TX Christian,68.1,3.1,25.3,57.4,0.992,0.947,48.9,103.4,30.4,50.5,66.8,5.6,18.3,11.4,24.3,38.7,36.2,75.1,56.1,4.2,6.3,13.6,14.5,0.938,0.625,0.667,68.7,15.3,65.0,-3.1,42.3,47.7,31.5,47.9,71.2,101.6,13.0,12.4,1.051
Dixie State,68.1,-8.0,24.0,58.4,0.913,1.02,46.5,99.8,29.5,47.8,66.7,6.4,21.8,8.5,24.0,36.3,24.3,71.8,48.5,2.5,6.1,14.4,15.3,0.94,0.333,1.0,74.6,19.4,76.1,8.0,44.8,50.9,33.0,51.7,71.0,107.8,14.9,13.0,1.145
Bellarmine,68.0,-2.5,25.5,55.2,1.054,1.093,53.3,111.5,34.2,54.8,75.0,7.9,23.1,6.1,20.2,28.6,21.4,70.3,46.0,1.4,5.2,13.3,9.5,1.402,0.552,0.75,64.5,15.1,70.4,2.5,46.1,54.4,35.0,56.1,70.5,113.7,13.1,11.2,1.169
Rutgers,67.9,2.1,25.5,57.6,1.003,0.972,49.5,104.5,33.6,49.1,70.1,6.1,18.1,8.9,23.5,35.4,28.1,75.1,51.2,3.9,7.2,15.0,11.5,1.303,0.581,0.539,67.7,15.8,65.8,-2.1,41.4,48.3,34.0,46.5,73.0,103.4,12.3,12.1,1.016
NC Central,67.9,-3.9,23.9,56.3,0.93,0.984,47.7,102.3,31.0,48.3,66.7,5.9,18.9,9.8,22.1,35.1,30.8,71.5,50.7,1.9,7.8,10.9,16.9,0.647,0.444,0.875,73.0,21.1,71.8,3.9,43.5,50.5,32.9,51.4,71.4,109.5,12.8,15.7,0.812
High Point,67.7,-3.1,24.6,56.6,0.96,1.005,48.9,103.0,32.0,49.4,64.2,6.2,19.4,8.5,23.6,34.8,25.8,71.5,48.8,4.5,6.4,11.9,13.5,0.88,0.379,0.182,70.5,17.5,70.8,3.1,43.9,49.5,30.1,52.1,66.8,105.0,13.7,12.3,1.118
TX El Paso,67.7,0.4,24.0,56.5,0.978,0.972,49.0,105.5,35.0,46.9,76.3,7.4,21.2,6.7,22.1,31.3,21.0,72.0,46.1,3.5,7.2,11.6,11.5,1.009,0.567,0.778,69.2,18.3,67.3,-0.4,44.5,49.9,33.5,49.8,64.6,105.4,12.0,14.2,0.849
St Josephs,67.6,-1.5,24.9,59.1,0.958,0.979,49.7,103.1,33.6,49.0,65.4,8.9,26.6,7.7,26.0,37.6,23.8,76.8,51.7,2.5,4.9,13.5,13.5,1.0,0.367,0.333,70.6,16.1,69.1,1.5,42.7,47.7,31.8,47.6,70.5,101.3,11.9,9.4,1.258
UC Davis,67.6,0.6,24.9,57.1,0.969,0.961,48.6,103.8,32.3,48.7,71.6,5.8,18.0,7.8,23.4,34.4,25.0,73.3,49.0,2.8,5.9,10.9,12.2,0.892,0.546,0.5,69.7,18.9,67.0,-0.6,41.5,47.3,33.9,45.4,70.5,102.6,11.0,13.1,0.834
St Fran (PA),67.5,-6.7,25.1,59.8,0.955,1.049,46.9,99.0,31.5,46.7,64.5,5.9,18.7,9.9,22.5,35.8,28.2,69.4,48.6,2.6,6.4,12.7,12.5,1.019,0.276,0.167,70.7,14.9,74.2,6.7,45.4,52.4,35.9,51.4,69.5,109.2,14.9,12.6,1.18
Mass Lowell,67.5,-0.4,25.5,59.0,0.968,0.974,48.0,101.7,30.2,49.3,69.4,5.7,18.9,8.7,22.3,34.2,26.7,71.6,49.2,4.1,6.8,11.1,12.5,0.891,0.429,0.333,69.7,16.5,67.9,0.4,42.7,48.9,37.0,45.6,72.0,104.9,10.7,13.3,0.804
La Salle,67.5,-4.0,24.8,59.9,0.953,1.01,47.7,100.7,31.9,47.6,68.7,7.6,23.9,9.2,24.1,36.5,26.8,74.5,50.0,4.3,5.9,13.4,13.1,1.018,0.367,0.546,70.8,17.2,71.5,4.0,43.4,49.9,36.0,47.6,70.7,106.2,14.4,11.6,1.235
GA Tech,67.5,-3.8,25.3,57.9,0.949,1.003,49.6,104.1,34.2,48.6,69.3,6.9,20.1,7.3,23.1,33.6,23.0,73.7,48.5,2.6,7.6,13.4,13.2,1.017,0.355,0.364,71.1,18.0,71.3,3.8,43.9,50.1,32.1,51.3,72.7,107.1,15.0,13.1,1.143
Tulsa,67.4,-2.5,24.0,55.4,0.976,1.013,49.6,106.0,34.2,48.5,72.6,6.8,20.0,6.9,22.2,32.6,23.2,71.5,48.4,2.2,6.8,11.8,12.8,0.919,0.355,0.167,69.0,16.0,69.9,2.5,44.1,52.2,36.2,50.5,69.1,109.4,13.5,13.5,1.0
Rider,67.3,-2.3,24.9,60.5,0.956,0.988,45.6,98.5,31.6,44.9,73.6,5.3,16.9,9.5,24.7,37.0,27.4,73.4,50.3,2.5,6.8,12.6,11.9,1.055,0.406,0.5,70.5,17.2,69.7,2.3,41.6,49.2,34.5,47.2,69.5,104.9,13.2,12.7,1.037
Pepperdine,67.3,-10.5,25.0,60.1,0.918,1.06,47.5,100.6,34.1,45.6,71.3,7.1,20.9,8.4,22.8,33.9,24.8,71.1,47.0,2.4,5.6,14.4,14.6,0.985,0.194,0.333,73.4,18.0,77.8,10.5,46.7,52.7,32.9,54.6,71.7,111.3,15.4,12.9,1.19
Gard-Webb,67.3,2.1,24.4,56.2,0.969,0.939,49.9,105.5,33.0,50.3,69.9,7.3,22.2,8.3,24.8,35.8,25.8,75.2,50.8,4.4,7.1,12.7,13.7,0.927,0.536,0.429,69.5,18.8,65.3,-2.1,39.6,45.5,28.5,47.4,74.2,100.6,11.5,13.0,0.887
Louisville,67.3,-2.8,24.8,58.8,0.974,1.014,48.8,102.3,30.9,50.5,67.4,7.7,24.8,8.8,25.4,36.5,26.1,76.6,50.8,2.4,6.1,11.9,12.2,0.977,0.406,0.8,69.1,17.2,70.1,2.8,43.7,50.4,34.9,49.1,70.3,106.6,13.2,11.1,1.192
Canisius,67.3,-5.2,23.8,60.1,0.936,1.009,45.4,97.9,30.2,45.5,69.6,7.1,23.5,8.6,22.6,35.0,24.8,76.8,48.9,2.6,5.7,12.7,11.8,1.074,0.323,0.6,71.9,17.4,72.5,5.2,46.6,51.5,31.1,53.7,72.4,109.5,13.3,12.4,1.068
F Dickinson,67.2,-11.9,24.3,59.8,0.928,1.092,46.4,99.3,32.4,45.2,70.8,6.8,21.2,8.8,21.6,33.1,26.0,67.3,46.1,3.0,6.5,11.8,13.7,0.86,0.154,0.2,72.5,18.3,79.2,11.9,47.7,53.8,35.1,54.5,69.9,113.2,16.5,12.9,1.281
Miss Val St,67.2,-15.8,23.8,61.3,0.891,1.099,44.5,95.4,30.5,43.8,65.5,7.1,23.3,8.1,20.3,31.5,21.7,66.8,42.3,2.4,7.3,11.4,13.4,0.851,0.071,0.111,75.5,18.1,83.0,15.8,50.4,56.6,39.9,55.1,71.2,118.6,15.6,15.3,1.019
Lafayette,67.1,-5.9,25.1,58.1,0.987,1.074,50.6,105.1,32.8,51.9,68.3,8.7,26.5,7.0,22.1,31.3,21.6,71.5,45.7,3.2,6.3,16.2,11.0,1.475,0.31,0.333,68.1,14.2,73.1,5.9,46.8,53.7,38.0,51.8,69.1,111.6,14.2,11.6,1.233
Hawaii,67.0,2.5,23.2,53.6,1.003,0.965,50.4,108.3,34.6,49.5,74.4,7.6,22.0,8.2,23.6,34.5,28.1,77.1,52.7,2.0,3.5,11.7,12.9,0.908,0.577,0.5,66.8,17.1,64.5,-2.5,42.3,46.9,30.9,47.2,72.5,101.5,8.8,10.4,0.849
Rhode Island,67.0,1.7,24.8,54.3,0.965,0.94,50.6,105.4,33.8,50.5,61.9,5.3,15.7,8.3,24.7,35.9,26.7,74.9,51.3,6.0,7.4,13.4,14.1,0.946,0.467,0.286,69.5,17.4,65.3,-1.7,39.5,46.3,32.6,44.5,73.4,101.0,12.7,13.1,0.969
Minnesota,67.0,-2.2,24.8,56.6,0.995,1.028,50.7,106.4,36.8,48.0,71.8,7.8,21.2,4.5,23.1,30.7,14.3,73.9,45.0,2.8,5.3,12.6,9.2,1.373,0.433,0.571,67.3,14.1,69.2,2.2,45.4,51.2,33.7,51.6,70.3,107.0,13.4,10.4,1.288
Troy,67.0,0.4,22.9,55.8,0.958,0.953,47.4,103.0,32.2,46.9,72.3,7.2,22.3,9.9,23.6,36.5,30.5,73.7,51.9,2.1,7.3,13.0,15.0,0.862,0.607,0.546,69.9,18.4,66.6,-0.4,42.2,48.4,32.9,47.8,70.4,104.0,11.9,14.0,0.852
Boston Col,66.9,-1.2,24.6,57.5,0.99,1.007,47.8,102.1,30.9,48.5,70.4,5.8,18.6,9.2,22.4,34.2,28.1,75.2,50.9,2.9,7.2,12.4,11.9,1.038,0.394,0.333,67.6,15.6,68.1,1.2,44.9,51.5,36.4,49.8,74.3,110.0,12.2,12.4,0.983
Coppin State,66.9,-7.8,22.3,57.8,0.887,0.99,46.0,99.4,29.7,47.6,68.4,8.6,28.9,6.8,24.7,34.2,18.5,68.7,44.0,3.0,8.1,11.0,14.4,0.766,0.281,0.417,75.5,16.8,74.7,7.8,41.9,49.3,35.2,46.7,71.1,104.5,14.2,15.8,0.899
Stetson,66.8,-6.3,24.2,57.8,0.96,1.05,48.8,103.0,34.8,46.5,69.9,8.1,23.3,8.2,23.1,34.5,25.5,74.6,49.8,2.8,6.2,13.3,13.3,1.003,0.269,0.333,69.6,15.7,73.1,6.3,45.7,53.0,34.9,53.5,69.2,110.5,14.9,10.9,1.363
VCU,66.8,5.0,25.0,53.9,0.952,0.881,51.5,108.4,34.7,51.2,69.6,5.5,16.0,7.3,22.5,32.5,24.8,70.3,48.5,5.1,9.2,14.0,15.0,0.938,0.71,0.667,70.2,18.5,61.8,-5.0,39.3,44.3,27.8,45.6,70.3,97.5,11.4,17.1,0.665
TN Martin,66.8,-8.1,24.6,60.4,0.924,1.036,46.1,98.2,29.7,47.0,69.4,6.5,22.0,9.2,22.6,35.6,26.8,70.6,48.2,4.1,6.5,10.7,13.6,0.785,0.214,0.5,72.3,18.5,74.9,8.1,44.3,50.8,33.4,51.2,71.7,109.0,14.3,12.9,1.105
Temple,66.8,0.3,22.4,56.7,0.96,0.956,45.4,99.1,31.1,44.7,67.9,6.7,21.7,10.6,24.8,38.8,31.2,73.3,51.7,4.7,6.8,11.8,12.6,0.94,0.586,0.727,69.5,18.4,66.4,-0.3,40.1,45.5,29.4,46.3,72.6,99.1,13.2,11.7,1.13
SIU Edward,66.7,-5.7,23.6,57.0,0.923,1.002,46.5,100.5,29.3,47.8,69.7,5.8,19.8,9.6,23.2,36.3,29.8,71.9,50.4,3.8,7.1,11.9,15.3,0.78,0.3,0.333,72.3,18.8,72.4,5.7,42.4,49.0,33.0,48.7,73.1,106.5,14.1,13.5,1.039
N Hampshire,66.7,0.9,24.3,56.1,1.035,1.021,50.9,106.1,36.6,48.1,67.3,8.5,23.1,7.9,23.7,35.0,26.0,81.1,52.4,2.7,4.0,11.8,9.3,1.264,0.5,0.375,64.5,13.7,65.8,-0.9,43.7,50.4,34.2,49.8,74.7,107.2,9.8,8.8,1.109
Columbia,66.6,-12.9,24.8,58.7,0.916,1.093,48.5,100.9,34.9,46.4,62.7,7.4,21.2,8.5,23.0,35.0,24.7,73.1,48.5,2.0,5.9,11.8,15.2,0.772,0.12,0.5,72.7,16.8,79.5,12.9,46.7,54.8,37.8,53.4,73.6,114.4,15.2,11.7,1.301
Fairfield,66.5,0.2,24.3,56.8,0.982,0.979,49.2,103.9,33.5,48.6,70.2,7.4,22.0,7.8,23.8,34.1,25.2,75.9,49.8,2.9,5.3,11.1,11.1,1.006,0.438,0.444,67.7,16.1,66.3,-0.2,43.4,48.1,32.2,48.0,70.1,102.8,10.2,11.2,0.913
Alcorn State,66.5,-4.6,24.0,58.3,0.934,0.998,45.8,98.8,31.7,45.1,69.2,5.4,17.0,9.6,22.4,35.9,30.1,74.2,51.1,2.7,7.4,10.4,14.1,0.736,0.5,0.667,71.3,17.8,71.1,4.6,44.6,50.7,34.3,50.3,71.6,108.7,13.9,13.2,1.047
Iowa State,66.5,3.5,24.5,55.8,0.961,0.911,49.9,105.0,32.1,50.9,68.4,6.7,20.9,7.8,21.2,32.0,25.8,73.1,49.2,3.1,8.4,14.7,13.8,1.066,0.625,0.714,69.2,18.0,63.0,-3.5,42.8,48.4,29.6,50.7,71.9,104.8,11.5,16.6,0.692
Dartmouth,66.5,-1.5,23.4,57.6,0.97,0.992,48.2,103.3,33.4,46.6,77.6,8.7,26.0,7.3,23.4,32.9,22.5,74.9,47.9,3.3,6.5,10.0,11.7,0.858,0.333,0.111,68.5,16.1,68.0,1.5,44.5,50.8,34.2,50.5,71.3,107.4,10.5,12.8,0.815
Stanford,66.4,-2.3,24.1,55.6,0.972,1.006,49.8,104.5,33.9,49.2,65.9,7.3,21.5,10.1,24.1,36.9,32.4,78.8,55.1,2.6,5.6,13.1,15.0,0.875,0.5,0.636,68.3,17.4,68.7,2.3,45.0,51.4,32.7,52.9,68.8,107.9,12.3,11.0,1.122
Siena,66.3,-2.9,23.8,55.9,0.955,0.996,48.7,104.2,35.6,46.3,73.3,6.8,19.0,6.8,23.1,32.9,22.0,73.0,48.2,4.0,6.2,10.0,12.6,0.799,0.517,0.667,69.4,16.0,69.2,2.9,44.1,49.1,33.3,48.7,70.6,104.3,11.4,11.8,0.965
St Peters,66.2,3.9,23.2,54.6,0.955,0.899,47.8,103.0,34.8,45.9,68.5,5.8,16.6,9.1,24.2,35.9,28.9,76.1,51.8,4.9,7.3,12.0,14.0,0.855,0.621,0.429,69.3,19.6,62.2,-3.9,38.7,44.1,29.4,44.0,73.5,99.0,10.5,14.1,0.748
Fordham,66.1,-0.7,23.0,58.4,0.928,0.938,45.7,99.1,29.7,46.7,72.7,7.4,25.0,9.0,25.3,36.8,26.3,76.7,49.9,3.7,7.3,11.8,13.2,0.9,0.5,0.5,71.2,17.7,66.8,0.7,42.6,48.0,31.3,48.5,67.9,101.9,12.0,13.7,0.877
Loyola-MD,66.0,-0.4,24.8,55.9,0.967,0.973,50.4,105.5,32.1,51.7,69.1,6.9,21.3,6.9,22.2,31.8,22.8,76.4,49.1,2.6,7.8,14.6,13.0,1.122,0.448,0.4,68.3,15.4,66.5,0.4,44.9,51.4,34.4,51.3,71.9,108.9,13.0,13.8,0.943
Old Dominion,66.0,-1.2,24.4,56.5,0.977,0.995,46.9,100.6,29.0,48.1,67.2,4.3,14.8,9.7,24.4,37.3,30.1,74.4,52.5,3.3,6.5,12.1,12.2,0.995,0.387,0.375,67.6,16.1,67.3,1.2,42.0,49.7,34.2,48.4,67.8,104.8,13.0,11.3,1.148
Central Mich,65.9,-11.0,23.1,56.5,0.934,1.09,47.8,101.9,34.1,45.5,69.2,7.7,22.7,7.5,22.1,33.2,22.9,69.8,46.6,3.0,6.3,11.5,13.6,0.848,0.233,0.364,70.6,19.9,77.0,11.0,45.7,53.0,34.8,53.7,70.3,112.2,14.5,11.5,1.265
Niagara,65.9,-0.1,23.8,55.3,0.988,0.989,49.3,105.1,34.0,48.2,73.4,6.8,20.0,6.8,22.7,31.8,21.5,72.9,48.1,2.6,5.4,11.5,11.0,1.047,0.448,0.25,66.7,15.5,66.0,0.1,42.0,48.2,33.6,46.9,74.9,103.8,12.3,11.3,1.088
NC A&T,65.7,-5.4,24.2,58.8,0.943,1.021,46.6,98.6,31.5,46.3,66.0,6.3,19.9,9.6,22.1,34.4,28.2,71.1,48.1,3.1,7.4,11.6,12.4,0.936,0.31,0.375,69.7,19.5,71.1,5.4,43.9,51.0,34.8,50.1,69.9,108.8,14.2,13.6,1.046
Binghamton,65.7,-4.2,24.7,58.0,0.948,1.009,48.8,101.9,34.7,47.0,66.8,7.2,20.7,8.0,24.3,35.6,25.0,75.7,49.7,3.6,5.4,11.1,12.7,0.875,0.37,0.286,69.3,16.8,69.9,4.2,43.7,49.9,33.6,49.6,68.0,105.3,11.1,10.7,1.031
St Fran (NY),65.7,-5.6,24.3,60.5,0.939,1.019,46.0,97.7,31.3,45.4,70.9,7.0,22.2,9.1,21.7,34.5,26.7,71.8,48.6,2.4,6.6,11.5,12.2,0.941,0.31,0.333,69.9,16.3,71.2,5.6,46.8,51.9,33.3,52.7,69.2,109.3,13.3,12.9,1.032
Sam Hous St,65.5,1.2,24.2,58.6,0.967,0.949,48.3,99.9,33.6,46.8,60.5,8.3,24.8,10.0,22.6,36.1,29.4,75.8,50.8,2.4,7.1,12.8,12.2,1.049,0.533,0.5,67.7,17.9,64.3,-1.2,41.7,48.6,31.9,49.1,73.3,105.2,12.2,13.8,0.884
N Arizona,65.4,-9.4,23.3,57.1,0.946,1.082,47.9,101.3,34.3,45.4,67.6,8.2,23.9,8.5,24.2,36.1,26.1,77.2,51.7,2.3,4.3,11.8,13.8,0.855,0.233,0.429,69.2,18.4,74.8,9.4,46.3,53.0,36.3,52.2,74.1,113.0,12.0,9.3,1.282
Arizona St,65.4,-1.8,25.0,60.4,0.923,0.949,47.1,98.3,30.7,47.7,66.1,6.9,22.5,7.5,24.1,35.5,22.1,71.4,47.2,4.2,6.7,13.4,11.9,1.119,0.452,0.539,70.8,18.1,67.2,1.8,40.0,46.3,31.1,46.1,72.1,100.5,13.3,13.5,0.983
UC Riverside,65.3,1.0,23.9,54.0,0.964,0.95,50.7,107.3,32.3,52.2,72.9,7.0,21.6,5.6,25.5,34.1,18.9,79.8,50.9,1.3,5.2,12.8,12.2,1.05,0.539,0.571,67.7,16.3,64.3,-1.0,42.6,47.1,30.2,47.8,72.3,101.0,11.6,10.7,1.083
App State,65.3,0.0,23.3,56.7,0.98,0.98,48.4,101.7,33.5,46.9,66.6,8.2,24.5,7.6,22.9,33.6,23.5,75.5,49.2,2.2,5.4,12.1,10.5,1.154,0.516,0.444,66.6,13.2,65.3,0.0,43.7,49.8,33.0,50.0,75.7,105.2,13.7,11.6,1.177
San Diego St,65.3,7.6,23.7,54.7,0.969,0.856,48.8,103.8,35.8,46.6,69.5,6.0,16.9,8.2,23.6,35.1,27.2,75.3,51.8,4.7,7.5,11.9,12.7,0.936,0.742,0.556,67.4,17.4,57.7,-7.6,38.2,44.0,30.4,43.1,67.3,94.8,10.4,14.3,0.727
Pacific,65.2,-8.4,23.4,57.0,0.924,1.044,46.2,99.3,31.4,45.8,68.3,5.9,18.9,7.1,23.1,32.4,21.3,79.1,48.2,2.4,6.3,11.5,12.1,0.95,0.214,0.75,70.6,16.9,73.6,8.4,46.6,54.9,39.2,52.1,76.9,116.0,12.8,13.0,0.984
N Florida,65.2,-8.4,22.1,55.1,0.918,1.037,48.1,103.5,32.4,47.7,73.1,8.8,27.1,7.4,22.0,32.4,23.5,66.1,44.9,4.4,5.1,11.5,14.9,0.768,0.286,0.375,71.0,16.1,73.6,8.4,43.7,48.8,33.9,48.0,68.3,103.2,14.7,11.5,1.272
Presbyterian,65.2,-4.8,23.7,58.4,0.937,1.006,45.4,97.7,26.1,49.0,68.9,5.6,21.4,10.2,21.0,35.0,31.1,77.0,52.2,2.7,7.4,12.0,13.4,0.895,0.31,0.313,69.6,19.2,70.0,4.8,46.1,53.4,38.4,50.8,73.2,114.5,12.7,14.3,0.887
Duquesne,65.2,-8.2,24.7,61.4,0.937,1.055,45.4,96.2,30.5,45.2,70.7,6.2,20.5,9.7,21.5,34.1,27.3,70.7,47.4,4.4,6.6,10.0,11.5,0.872,0.2,0.286,69.6,13.9,73.4,8.2,47.6,54.0,39.8,51.3,70.8,111.8,15.1,12.9,1.171
W Michigan,65.0,-11.2,23.5,56.3,0.949,1.112,49.3,103.6,33.2,48.9,70.0,8.5,25.7,7.8,21.8,32.8,24.6,69.0,47.4,2.4,5.2,10.3,13.6,0.756,0.214,0.4,68.5,16.8,76.3,11.2,46.6,53.4,33.8,55.3,69.7,111.8,13.6,10.1,1.351
Elon,65.0,-7.5,23.2,55.7,0.95,1.06,49.0,104.0,33.0,48.6,72.9,8.1,24.4,7.2,22.2,32.5,23.2,72.9,47.9,2.3,4.9,11.8,13.3,0.883,0.267,0.286,68.4,20.5,72.6,7.5,44.0,50.6,34.5,49.9,75.1,111.0,11.7,11.1,1.054
Grambling St,65.0,-7.3,23.1,57.5,0.902,1.002,44.6,97.5,31.1,43.8,71.4,5.0,16.2,8.9,23.4,35.5,25.7,70.4,47.8,3.3,6.3,10.5,14.1,0.744,0.333,0.571,72.1,18.8,72.3,7.3,42.5,48.9,35.7,46.3,68.7,105.3,12.6,13.6,0.929
Incar Word,65.0,-12.7,22.3,54.9,0.942,1.127,48.2,104.8,33.5,46.4,80.9,8.3,24.8,6.8,20.1,28.9,21.3,68.6,44.3,1.7,4.9,11.1,13.7,0.813,0.172,0.2,68.9,17.7,77.7,12.7,50.1,56.7,37.0,57.4,71.1,117.9,14.3,12.3,1.159
Ark Pine Bl,64.9,-14.4,22.5,55.5,0.918,1.122,46.6,100.9,29.8,47.9,70.9,6.7,22.5,7.4,18.6,29.0,23.0,65.3,43.3,2.7,6.9,11.0,13.5,0.816,0.172,0.4,70.7,17.9,79.3,14.4,50.2,55.5,36.0,56.1,72.8,116.9,15.7,13.0,1.213
TX-San Ant,64.9,-9.0,24.0,62.0,0.917,1.044,43.6,93.4,28.7,43.9,68.6,6.0,21.0,10.0,22.6,36.6,27.1,74.7,49.6,2.2,5.4,10.7,12.2,0.874,0.25,0.286,70.8,16.8,73.9,9.0,47.0,54.3,37.7,53.0,65.0,112.5,14.9,11.8,1.267
TX-Arlington,64.8,-4.6,23.3,57.9,0.924,0.989,45.7,98.1,31.0,45.3,69.4,6.2,20.0,9.6,23.0,35.8,28.7,70.2,49.0,4.2,7.7,13.0,13.9,0.939,0.333,0.333,70.1,18.1,69.3,4.6,42.4,49.4,35.5,46.8,70.7,105.4,15.7,13.9,1.136
Missouri,64.7,-6.2,23.6,55.6,0.936,1.026,47.1,101.8,28.1,49.4,74.1,5.1,18.1,9.2,22.3,34.6,29.6,72.9,50.9,4.1,6.4,11.9,14.6,0.816,0.344,0.286,69.1,17.8,70.8,6.2,44.5,50.8,35.2,49.7,70.2,108.3,12.0,12.1,0.995
Penn State,64.6,-0.4,23.9,55.2,0.998,1.004,50.5,106.0,34.2,49.9,73.5,8.0,23.5,7.9,25.0,35.3,26.6,77.3,53.0,2.2,5.3,11.9,11.8,1.005,0.452,0.417,64.7,15.4,65.0,0.4,41.6,48.3,35.2,45.6,72.9,102.9,12.9,8.7,1.476
Sac State,64.5,-6.7,23.7,55.1,0.953,1.052,48.8,103.2,35.1,46.9,68.9,6.4,18.4,6.2,21.6,30.4,19.7,74.5,46.0,2.7,5.8,10.4,11.1,0.943,0.333,0.5,67.7,17.3,71.2,6.7,46.3,52.6,34.2,53.4,72.4,111.8,13.4,11.7,1.145
Campbell,64.5,0.9,24.2,53.6,0.995,0.98,51.3,106.9,33.0,52.4,67.3,6.7,20.3,5.8,22.3,30.9,19.9,75.4,48.6,2.2,5.8,13.5,10.4,1.292,0.5,0.5,64.9,13.9,63.6,-0.9,43.9,50.6,35.3,49.1,65.0,105.3,10.8,11.7,0.931
NC-Grnsboro,64.5,-0.4,23.3,54.1,0.987,0.993,49.8,105.5,34.2,48.7,72.2,7.3,21.2,8.8,22.9,34.6,30.3,77.4,53.7,1.7,6.4,11.9,13.0,0.92,0.533,0.6,65.4,15.3,64.9,0.4,41.8,50.4,34.7,48.8,75.9,107.9,12.6,11.9,1.056
WI-Milwkee,64.5,-6.9,23.5,55.9,0.932,1.032,47.7,101.8,31.9,47.5,71.5,6.2,19.4,7.6,25.2,35.4,24.0,71.7,49.0,3.7,4.8,11.4,13.3,0.859,0.29,0.2,69.2,17.0,71.4,6.9,40.5,47.5,33.8,45.3,76.9,103.1,13.1,10.1,1.304
Mt St Marys,64.4,-1.0,24.3,55.9,0.956,0.971,48.6,102.5,34.0,47.6,68.5,5.8,16.9,8.6,22.4,34.5,28.0,73.4,50.8,4.1,5.8,12.9,13.1,0.984,0.448,0.5,67.4,15.7,65.4,1.0,43.0,48.6,33.9,47.4,74.6,103.8,11.0,12.4,0.889
Fresno St,64.4,5.7,23.0,52.6,1.004,0.915,50.0,106.8,32.6,50.6,72.8,6.6,20.3,7.6,23.9,33.8,26.2,79.9,52.8,2.6,5.8,11.6,11.4,1.02,0.581,0.364,64.1,15.6,58.6,-5.7,41.0,47.9,32.6,47.1,68.1,101.2,10.7,12.2,0.876
Northeastrn,64.3,-4.8,22.9,52.4,0.96,1.032,50.1,107.1,32.0,51.6,73.4,6.8,21.2,7.0,22.9,32.0,24.6,77.8,51.6,2.7,4.7,11.4,14.0,0.813,0.29,0.444,66.9,15.2,69.1,4.8,45.4,51.7,34.3,51.9,75.6,109.5,11.8,10.3,1.147
Jacksonville,64.2,3.1,23.4,54.2,1.005,0.956,48.6,103.5,34.5,47.2,69.7,5.8,16.9,9.6,23.8,36.5,31.7,78.0,55.1,1.6,5.6,11.5,11.7,0.987,0.63,0.714,63.9,15.6,61.1,-3.1,40.4,47.2,29.3,49.9,72.0,101.7,10.2,10.3,0.993
Navy,64.2,3.4,23.6,55.7,0.96,0.909,47.5,100.5,32.3,47.0,65.6,5.6,17.5,9.8,23.7,37.2,31.5,78.1,54.0,3.3,6.7,11.8,12.9,0.913,0.645,0.556,66.9,16.1,60.8,-3.4,41.0,47.3,33.2,45.7,68.3,101.0,12.1,13.2,0.912
N Alabama,64.2,-8.1,23.0,61.5,0.896,1.01,43.2,93.8,29.2,42.8,75.1,7.2,24.5,9.0,22.5,34.3,24.3,72.2,46.2,3.1,5.8,8.2,12.0,0.682,0.192,0.167,71.6,18.7,72.3,8.1,44.5,50.2,33.7,50.1,69.5,107.7,11.5,13.3,0.867
N Illinois,64.1,-7.4,23.0,54.9,0.91,1.016,47.2,101.0,31.7,47.1,67.5,5.8,18.4,6.6,22.0,32.3,21.1,71.7,47.1,2.7,6.3,11.2,13.7,0.82,0.3,0.429,70.4,20.4,71.5,7.4,44.7,50.6,32.3,51.8,72.5,109.5,13.3,13.6,0.978
AR Lit Rock,64.1,-11.3,22.2,53.6,0.927,1.09,47.9,103.6,33.3,46.6,73.2,6.9,20.8,7.0,19.8,29.6,22.1,70.7,45.6,2.2,6.3,12.2,13.8,0.879,0.24,0.8,69.1,17.0,75.4,11.3,48.7,56.3,38.4,55.5,71.4,117.5,15.7,13.6,1.156
North Texas,64.0,8.0,22.0,50.2,1.03,0.901,51.4,108.1,35.8,49.7,65.0,7.6,21.2,8.7,21.9,33.3,29.8,78.0,52.9,2.8,6.5,10.7,11.4,0.939,0.793,0.778,62.2,16.1,56.0,-8.0,41.8,46.0,27.9,47.7,68.8,99.0,8.1,12.0,0.676
San Diego,63.9,-4.8,24.2,57.3,0.928,0.997,46.7,99.5,32.1,46.2,71.3,5.1,15.8,7.8,23.7,35.0,24.1,74.7,49.8,3.6,4.8,9.4,12.6,0.75,0.448,0.444,68.9,15.9,68.7,4.8,44.6,49.2,33.2,49.0,73.5,104.1,12.9,10.8,1.194
UC Irvine,63.9,2.5,23.2,54.0,0.964,0.926,47.6,103.7,32.1,47.4,78.0,5.0,15.4,8.7,23.7,35.0,29.0,74.3,51.9,3.6,5.5,10.2,13.4,0.76,0.565,0.667,66.3,18.3,61.4,-2.5,39.8,44.1,26.4,46.2,74.9,97.1,10.5,11.2,0.938
Charl South,63.9,-13.4,22.5,57.2,0.897,1.085,46.2,98.3,30.1,47.1,67.7,7.9,26.1,8.6,22.6,33.7,24.8,75.6,48.4,2.5,6.3,10.9,15.0,0.726,0.107,0.333,71.2,16.1,77.2,13.4,48.5,55.3,36.1,56.0,75.9,116.7,15.2,12.1,1.253
S Illinois,63.7,2.1,22.8,51.7,0.994,0.961,51.5,108.1,35.1,50.6,69.0,7.6,21.6,5.9,21.7,30.3,20.5,78.6,49.4,2.1,5.5,11.7,11.4,1.026,0.5,0.385,64.1,15.3,61.6,-2.1,44.5,49.7,32.4,50.2,75.9,106.4,10.6,11.8,0.901
Maryland ES,63.7,-5.2,22.2,56.6,0.887,0.959,46.0,97.8,31.9,44.6,64.7,7.7,24.0,8.5,21.2,33.1,25.8,70.6,47.6,2.2,9.5,11.9,15.4,0.774,0.348,0.75,71.8,17.5,68.8,5.2,44.5,51.0,33.7,51.2,68.7,108.2,13.4,16.7,0.803
GA Southern,63.6,-4.0,23.2,54.4,0.931,0.989,47.8,101.6,29.2,50.1,67.1,5.8,19.7,8.5,22.9,33.9,27.2,70.6,48.4,3.0,6.8,11.2,14.2,0.789,0.385,0.625,68.3,18.4,67.6,4.0,41.8,48.3,33.0,47.4,69.2,103.7,11.7,12.7,0.924
Florida A&M,63.5,-5.4,23.6,56.4,0.922,1.001,45.9,98.7,29.7,46.3,70.6,4.4,14.9,7.8,21.7,32.5,24.7,67.3,46.1,3.0,6.0,11.6,12.6,0.924,0.393,0.778,68.9,17.8,69.0,5.4,42.1,48.2,34.3,46.4,67.2,103.4,12.3,12.4,0.991
American,63.5,-7.5,24.4,54.3,0.94,1.051,49.6,104.3,33.1,49.6,69.4,5.0,15.2,6.8,21.2,30.7,23.2,73.5,48.1,3.1,6.5,12.2,13.3,0.913,0.313,0.167,67.5,14.9,70.9,7.5,47.3,53.3,34.7,53.9,69.2,111.2,13.5,11.5,1.18
Hampton,63.2,-7.5,21.7,55.4,0.892,0.998,44.2,97.1,29.5,44.2,69.7,5.7,19.4,6.5,24.0,33.7,19.5,70.2,45.9,3.7,4.7,9.6,12.5,0.767,0.269,0.75,70.9,18.7,70.7,7.5,42.4,47.4,29.8,48.8,66.4,101.7,11.3,11.3,1.007
Tarleton State,63.1,-2.7,22.2,53.5,0.95,0.991,46.3,101.7,30.9,46.3,75.4,5.2,16.8,7.5,18.4,29.3,24.3,67.5,45.7,2.1,7.5,10.5,11.8,0.885,0.393,0.333,66.4,17.9,65.8,2.7,45.3,52.4,32.9,54.7,70.0,110.9,13.6,16.0,0.853
Wm & Mary,63.1,-12.0,22.3,55.8,0.878,1.045,46.0,98.9,31.1,45.5,70.0,6.8,21.8,7.8,22.8,34.7,24.0,73.4,49.1,2.9,6.4,11.2,16.3,0.69,0.129,0.375,71.9,16.9,75.2,12.0,46.7,53.6,33.7,55.7,70.3,111.9,14.5,12.6,1.151
Holy Cross,63.1,-9.0,23.0,57.0,0.921,1.052,45.1,97.4,33.1,43.2,71.2,5.4,16.4,8.2,21.8,32.9,24.8,72.4,47.7,3.7,5.6,9.6,12.2,0.785,0.241,0.857,68.5,17.2,72.0,9.0,47.3,53.2,36.1,52.7,68.7,111.3,13.8,11.8,1.173
Butler,63.1,-4.7,22.4,54.8,0.938,1.008,47.1,100.6,29.7,48.9,68.9,6.8,22.9,7.5,21.5,32.9,24.2,73.6,49.1,2.1,5.1,10.6,12.0,0.887,0.387,0.444,67.2,16.8,67.8,4.7,44.0,49.9,31.1,51.9,72.0,106.3,12.1,11.2,1.08
California,63.1,-3.0,23.6,56.2,0.942,0.987,46.9,100.2,30.8,47.3,72.7,5.5,17.8,7.3,24.6,35.0,23.1,79.0,50.9,2.6,4.9,10.7,11.2,0.953,0.375,0.333,66.9,16.5,66.1,3.0,42.1,47.5,30.9,48.1,75.9,103.4,9.8,9.6,1.023
S Mississippi,62.7,-13.2,23.6,56.0,0.905,1.095,46.9,99.4,31.0,47.0,68.7,5.2,16.7,7.1,23.2,33.1,22.3,72.9,47.7,2.7,4.6,11.9,13.4,0.885,0.161,0.5,69.3,16.3,75.9,13.2,46.1,54.1,37.4,52.6,71.5,113.2,15.7,10.8,1.454
Austin Peay,62.6,-6.6,22.4,56.3,0.92,1.018,46.6,99.1,30.8,46.9,70.3,7.7,25.0,9.3,20.5,33.0,27.8,71.1,48.3,2.0,6.2,13.2,14.3,0.927,0.37,0.556,68.1,17.0,69.3,6.6,46.4,52.5,33.2,54.1,69.2,111.0,13.2,14.0,0.947
Virginia,62.6,2.4,23.4,52.1,1.013,0.975,49.7,106.0,32.2,50.3,73.9,5.0,15.5,7.3,21.7,31.5,25.6,73.9,50.0,4.5,5.8,14.0,9.8,1.422,0.594,0.583,61.7,13.8,60.2,-2.4,42.4,48.8,33.9,47.7,70.5,102.8,11.6,11.0,1.054
Beth-Cook,62.5,-8.0,23.3,56.6,0.903,1.019,45.4,97.2,33.7,43.7,68.1,4.9,14.4,8.2,20.3,32.0,25.2,70.2,47.5,2.4,7.8,10.4,13.4,0.778,0.276,0.444,69.2,17.4,70.5,8.0,45.4,51.5,32.9,52.8,73.8,110.5,13.5,13.8,0.98
San Jose St,62.5,-10.8,23.0,54.7,0.93,1.09,49.8,103.3,34.5,48.2,65.6,8.4,24.5,6.6,21.0,30.2,20.9,71.4,45.3,3.2,5.1,12.4,13.2,0.935,0.233,0.4,67.2,16.4,73.3,10.8,47.4,53.5,35.8,53.4,72.3,112.1,14.5,10.4,1.391
NJIT,62.5,-8.5,22.4,55.0,0.905,1.028,46.5,99.1,32.6,45.1,66.7,6.4,19.7,7.0,24.1,33.7,21.6,74.8,47.6,3.5,5.9,10.1,12.6,0.797,0.357,0.778,69.0,15.9,71.0,8.5,44.0,51.0,34.0,51.0,70.0,107.2,14.1,11.3,1.254
Idaho State,62.4,-9.7,21.9,53.1,0.923,1.066,47.4,101.5,29.6,49.6,68.4,6.6,22.4,7.7,21.2,32.1,25.1,75.0,49.0,2.2,4.6,10.0,13.9,0.718,0.179,0.25,67.6,18.4,72.0,9.7,47.0,53.2,34.1,54.5,73.5,113.4,11.7,11.0,1.062
Chicago St,62.1,-12.3,21.9,56.0,0.9,1.078,45.9,97.4,31.0,45.4,65.4,7.6,24.5,9.6,19.8,33.3,29.7,69.0,48.3,2.3,5.5,9.5,14.8,0.639,0.219,0.6,69.0,19.7,74.4,12.3,46.3,53.5,39.9,49.8,72.5,114.0,14.5,12.7,1.14
Albany,61.8,-4.0,23.0,56.2,0.907,0.967,46.2,98.4,32.3,45.2,70.4,5.9,18.2,6.9,21.6,32.0,22.3,76.6,48.4,2.5,6.7,9.4,12.4,0.762,0.419,0.778,68.1,18.0,65.9,4.0,43.9,50.7,35.5,49.1,72.2,108.1,12.5,13.6,0.917
Radford,61.8,-5.3,22.3,55.2,0.921,1.0,46.5,98.9,29.8,47.7,68.0,6.7,22.5,8.4,21.3,33.1,26.8,75.5,50.0,1.5,6.4,10.4,13.5,0.77,0.333,0.5,67.1,17.9,67.1,5.3,45.4,52.0,35.4,51.3,72.7,111.3,11.3,13.3,0.855
CS Bakersfld,61.8,-5.6,23.2,56.3,0.935,1.02,44.4,96.3,28.3,44.9,71.3,3.6,12.9,9.8,20.8,33.6,31.2,76.2,51.4,2.0,5.6,9.2,11.6,0.79,0.24,0.333,66.1,20.8,67.4,5.6,44.2,51.4,35.2,50.5,75.1,113.1,11.2,13.0,0.865
Central Conn,61.8,-10.3,21.6,54.8,0.899,1.05,46.0,99.0,34.2,42.6,70.8,7.3,21.5,7.3,21.0,31.9,23.4,69.9,46.6,2.2,6.2,10.6,13.8,0.771,0.25,0.5,68.7,16.1,72.1,10.3,46.1,52.9,34.8,53.3,71.0,111.1,13.9,12.6,1.099
Pittsburgh,61.5,-6.5,21.1,50.9,0.94,1.04,46.7,101.8,31.4,46.5,69.6,5.4,17.1,8.9,22.3,33.8,29.6,76.1,52.1,3.8,5.4,11.0,13.6,0.809,0.344,0.462,65.4,15.3,68.1,6.5,44.1,52.0,36.8,49.5,71.0,109.6,14.5,10.6,1.365
Alab A&M,61.4,-5.6,21.9,57.7,0.862,0.94,41.3,91.8,27.1,41.5,71.3,3.9,14.4,9.5,23.9,37.8,27.1,70.8,48.8,3.2,7.0,9.5,13.6,0.7,0.4,0.5,71.3,16.1,67.0,5.6,40.1,46.3,32.0,45.2,68.4,98.8,13.5,13.6,0.993
WI-Grn Bay,61.2,-8.4,22.0,52.9,0.924,1.051,46.5,100.5,28.0,48.9,71.1,5.1,18.2,7.2,19.4,29.6,23.8,72.6,47.7,2.8,5.0,10.5,12.9,0.811,0.138,0.0,66.3,15.6,69.7,8.4,47.0,53.0,34.7,53.6,76.8,113.3,11.9,11.8,1.015
Jackson St,61.0,-4.5,23.1,56.7,0.899,0.966,45.3,95.4,30.0,45.5,63.4,5.2,17.2,9.5,22.6,35.1,29.5,74.6,51.0,3.9,6.1,10.8,13.2,0.823,0.367,0.364,67.8,17.1,65.5,4.5,43.0,47.7,32.2,47.5,69.1,102.8,11.3,12.1,0.931
Merrimack,60.9,-4.0,22.2,53.1,0.928,0.99,48.6,102.2,33.3,47.7,67.9,7.1,21.4,6.1,19.1,28.4,20.0,65.3,43.0,3.7,8.8,11.3,11.8,0.959,0.448,0.571,65.6,16.1,64.9,4.0,43.4,49.1,33.2,48.7,71.3,105.4,13.7,14.4,0.947
Lamar,60.9,-13.3,22.7,56.9,0.881,1.073,44.5,95.1,30.2,44.1,68.5,5.3,17.4,9.2,21.6,34.0,27.6,70.6,48.4,3.0,6.0,11.0,14.5,0.76,0.0,0.0,69.1,18.6,74.1,13.3,45.3,52.9,35.5,52.7,70.8,112.5,17.1,12.0,1.426
Maine,60.7,-13.0,23.0,56.2,0.898,1.091,46.9,98.5,31.0,47.0,70.5,6.7,21.7,7.1,20.0,30.3,21.9,71.4,45.6,2.8,6.6,12.8,12.8,1.0,0.115,0.25,67.6,17.6,73.8,13.0,48.2,54.9,38.6,53.3,72.4,115.6,13.1,12.1,1.083
Delaware St,60.6,-15.2,21.5,54.2,0.832,1.042,45.0,96.9,32.2,43.4,67.4,5.7,17.8,7.6,22.1,33.9,23.8,66.9,46.6,3.8,6.6,8.9,18.2,0.489,0.0,0.0,72.8,18.4,75.8,15.2,42.9,51.1,36.1,48.6,70.6,108.7,16.4,13.7,1.202
Cal St Nrdge,60.6,-10.6,22.2,55.6,0.896,1.053,44.4,95.6,30.2,44.0,68.5,5.0,16.5,8.4,20.1,31.0,25.2,69.7,45.5,2.4,7.1,8.8,12.3,0.714,0.214,0.6,67.6,19.1,71.2,10.6,45.6,51.9,33.2,53.1,76.1,112.1,14.1,13.1,1.076
Cal Poly,60.6,-7.3,20.9,51.0,0.898,1.006,46.1,101.4,29.5,47.2,73.1,5.3,18.1,7.4,23.5,34.4,25.4,74.8,51.0,2.3,4.5,10.6,14.9,0.711,0.222,0.333,67.4,19.5,67.9,7.3,41.5,48.1,36.0,44.7,75.6,105.6,11.4,11.2,1.017
Air Force,59.0,-7.0,21.6,49.6,0.917,1.026,50.9,105.7,33.3,51.6,64.9,7.2,21.6,4.9,19.2,26.6,17.2,71.3,44.6,3.0,5.4,12.5,13.6,0.916,0.379,0.714,64.4,18.0,66.0,7.0,46.3,51.5,31.2,53.8,76.0,111.9,10.9,12.9,0.85
Evansville,58.8,-12.3,20.7,52.7,0.885,1.07,47.0,99.9,32.6,45.2,71.5,8.1,24.8,3.9,21.5,27.1,12.5,79.7,43.5,2.0,6.0,10.3,11.3,0.915,0.172,0.125,66.5,15.0,71.2,12.3,49.6,56.1,38.4,55.3,73.4,117.7,12.0,11.7,1.026
S Florida,57.5,-7.5,21.6,57.7,0.849,0.959,41.3,88.8,25.2,42.8,66.6,4.5,17.6,9.3,22.7,35.9,27.1,75.4,50.0,3.7,6.2,10.9,12.5,0.871,0.258,0.429,67.7,17.1,64.9,7.5,41.3,48.3,33.8,46.6,71.3,104.0,13.2,12.5,1.062
E Illinois,54.0,-17.9,19.3,50.4,0.798,1.062,44.1,93.8,31.7,42.1,63.1,5.8,18.4,5.6,20.0,29.0,18.3,68.2,43.9,2.7,6.3,11.2,16.0,0.702,0.071,0.333,67.7,14.6,71.9,17.9,46.4,53.8,33.8,56.3,67.5,111.2,16.4,12.1,1.357
IUPUI,51.3,-17.1,18.9,50.5,0.792,1.055,42.4,90.8,29.2,41.6,67.4,5.1,17.5,7.9,19.0,30.4,26.5,68.5,47.6,2.3,5.6,10.1,16.4,0.615,0.037,0.0,64.8,18.0,68.4,17.1,45.3,52.8,35.5,52.4,74.5,113.3,12.5,13.0,0.966
