Year,Rank,Team,Conference,Win,Loss,Seed,Adj EM,AdjO,AdjO Rank,AdjD,AdjD Rank,AdjT,AdjT Rank,Luck,Luck Rank,SOS Adj EM,SOS Adj EM Rank,SOS OppO,SOS OppO Rank,SOS OppD,SOS OppD Rank,NCSOS Adj EM,NCSOS Adj EM Rank
2022,1,Gonzaga,WCC,26,3,1,32.97,121.8,1,88.8,7,72.5,4,-0.038,268,3.78,99,104.5,111,100.8,94,-2.56,246
2022,2,Arizona,P12,31,3,1,27.21,119.6,5,92.4,20,72.2,8,0.046,77,6.34,67,106.0,75,99.7,57,-0.22,170
2022,3,Kentucky,SEC,26,7,2,26.59,120.2,4,93.6,27,67.3,155,-0.032,251,9.08,29,106.9,52,97.9,17,-2.76,249
2022,4,Houston,Amer,29,5,5,26.5,117.3,10,90.9,11,63.8,333,-0.007,195,4.29,93,104.6,107,100.3,76,0.3,155
2022,5,Baylor,B12,26,6,1,26.32,117.9,9,91.6,14,67.2,169,0.019,138,10.71,12,107.4,39,96.7,5,-1.65,215
2022,6,Kansas,B12,28,6,1,25.49,119.4,6,93.9,29,69.1,68,0.035,101,12.02,3,107.6,32,95.6,1,4.52,50
2022,7,Tennessee,SEC,26,7,3,25.24,111.4,36,86.2,3,67.2,172,0.044,82,11.76,5,108.7,10,97.0,9,4.68,46
2022,8,UCLA,P12,25,7,4,24.85,116.1,15,91.2,12,65.5,258,-0.028,243,8.5,37,107.5,36,99.0,40,4.49,51
2022,9,Texas Tech,B12,25,9,3,24.64,109.7,65,85.1,1,66.5,211,-0.025,233,10.21,18,107.5,37,97.2,11,-7.93,345
2022,10,Auburn,SEC,27,5,2,24.45,113.6,24,89.1,8,70.0,40,-0.039,271,8.77,34,107.2,44,98.5,26,4.16,58
2022,11,Villanova,BE,26,7,2,24.11,118.0,8,93.8,28,62.6,345,0.051,71,10.76,10,108.6,11,97.8,15,8.74,17
2022,12,Duke,ACC,28,6,2,23.71,119.4,7,95.7,44,67.4,150,-0.011,204,6.14,71,107.4,40,101.2,106,-4.39,289
2022,13,Iowa,B10,26,9,5,23.53,121.5,2,98.0,77,69.6,52,-0.05,295,7.63,49,107.6,31,100.0,65,-6.3,325
2022,14,Purdue,B10,27,7,3,22.29,121.3,3,99.0,100,65.8,248,0.035,100,8.98,30,108.8,9,99.8,61,-3.76,274
2022,15,Texas,B12,21,11,6,20.41,111.8,32,91.4,13,63.1,341,-0.044,279,9.52,21,107.1,47,97.6,13,-7.6,341
2022,16,Saint Mary's,WCC,25,7,5,19.81,109.8,64,90.0,9,63.5,338,0.037,95,6.9,57,107.2,45,100.3,75,3.83,68
2022,17,Illinois,B10,22,9,4,19.59,113.7,23,94.1,30,67.1,177,0.025,126,10.23,15,109.1,5,98.9,37,1.6,123
2022,18,Connecticut,BE,23,9,5,19.33,113.9,21,94.6,35,64.9,291,-0.03,248,7.53,52,106.0,76,98.4,23,-3.46,267
2022,19,LSU,SEC,22,11,6,19.08,107.6,89,88.6,5,68.6,92,-0.041,274,9.13,28,107.7,28,98.6,29,-0.99,191
2022,20,Arkansas,SEC,25,8,4,19.02,111.1,40,92.1,17,70.6,28,0.027,118,7.93,46,106.8,56,98.9,35,-2.79,251
2022,21,San Francisco ,WCC,24,9,10,18.37,110.8,45,92.4,19,68.7,89,-0.029,247,5.62,79,105.8,78,100.2,73,2.79,95
2022,22,San Diego St.,MWC,23,8,8,18.15,104.1,157,86.0,2,65.3,268,0.013,147,6.71,61,106.2,68,99.5,52,3.17,85
2022,23,Virginia Tech ,ACC,23,12,11,17.86,114.3,18,96.4,54,62.9,344,-0.054,302,6.47,65,107.0,49,100.6,84,-0.7,184
2022,24,Loyola Chicago ,MVC,25,7,10,17.69,110.9,42,93.2,22,64.6,308,0.016,143,3.26,105,104.6,108,101.3,109,3.65,74
2022,25,Alabama,SEC,19,13,6,17.36,116.1,14,98.7,94,71.7,12,-0.022,226,12.79,1,109.7,3,96.9,7,10.22,11
2022,26,Boise St.,MWC,27,7,8,16.41,108.4,76,92.0,16,64.6,305,0.027,117,6.0,74,105.2,91,99.2,47,0.92,140
2022,27,Murray St.,OVC,30,2,7,16.39,111.5,35,95.1,40,65.8,246,0.075,41,-3.65,235,101.2,235,104.9,243,4.48,52
2022,28,Memphis,Amer,21,10,9,16.22,110.4,50,94.1,31,70.3,34,-0.018,217,6.75,60,106.4,64,99.6,56,4.87,42
2022,29,North Carolina,ACC,24,9,8,16.05,113.1,27,97.0,64,70.2,38,0.079,32,7.26,54,107.8,23,100.6,85,3.76,71
2022,30,Oklahoma,B12,18,15,,15.96,110.4,48,94.5,33,64.8,296,-0.044,283,11.92,4,107.6,30,95.7,2,-1.62,213
2022,31,Colorado St.,MWC,25,5,6,15.86,114.2,20,98.3,83,65.1,280,0.13,6,5.61,80,105.3,90,99.6,55,-1.89,227
2022,32,Ohio St.,B10,19,11,7,15.82,116.6,13,100.8,131,65.0,287,-0.015,207,9.48,22,108.4,16,98.9,38,2.47,100
2022,33,Michigan ,B10,17,14,11,15.65,114.2,19,98.6,91,66.3,218,-0.026,238,11.72,6,110.0,1,98.2,21,6.6,27
2022,34,Wisconsin,B10,24,7,3,15.58,110.4,49,94.8,38,66.5,208,0.119,9,10.05,19,109.0,7,98.9,39,2.74,97
2022,35,Seton Hall,BE,21,10,8,14.97,108.5,75,93.5,26,67.3,162,0.011,150,8.82,33,107.7,27,98.9,36,1.14,135
2022,36,Indiana ,B10,20,13,12,14.94,107.6,91,92.6,21,67.0,185,-0.044,282,8.26,40,108.5,14,100.2,72,-6.01,322
2022,37,Wake Forest,ACC,23,9,,14.93,111.6,34,96.6,58,70.0,41,-0.012,205,2.89,109,106.1,71,103.2,164,-9.35,351
2022,38,TCU,B12,20,12,9,14.91,108.2,80,93.3,24,65.9,244,0.034,104,10.86,9,107.7,25,96.9,6,-4.59,294
2022,39,Oklahoma St.,B12,15,15,,14.9,103.5,170,88.6,6,67.6,135,-0.074,327,11.37,7,108.3,18,97.0,8,0.31,154
2022,40,Michigan St.,B10,22,12,7,14.87,111.3,38,96.4,53,67.5,141,0.05,73,10.73,11,109.4,4,98.7,31,4.24,55
2022,41,Davidson ,A10,27,6,10,14.8,116.8,11,102.0,152,64.6,304,-0.004,186,1.43,121,102.6,179,101.2,104,-1.86,226
2022,42,USC,P12,26,7,7,14.45,110.5,47,96.0,49,66.0,237,0.077,34,5.23,84,104.9,97,99.7,58,-4.31,288
2022,43,Texas A&M,SEC,23,12,,14.36,109.1,70,94.7,37,66.6,200,0.002,170,7.83,47,106.7,59,98.8,33,-5.38,310
2022,44,Utah St.,MWC,18,15,,14.16,110.6,46,96.4,55,66.5,210,-0.129,358,5.55,81,105.4,85,99.9,64,3.79,69
2022,45,Mississippi St.,SEC,18,15,,14.04,110.0,56,96.0,48,65.5,263,-0.075,329,8.05,43,106.6,61,98.5,28,-1.29,203
2022,46,UAB ,CUSA,27,7,12,14.03,112.5,28,98.5,89,68.8,81,-0.04,272,-1.15,175,101.9,201,103.1,153,-2.16,234
2022,47,Marquette,BE,19,12,9,14.0,109.8,62,95.8,46,70.7,26,-0.0,175,9.25,25,107.4,38,98.2,20,4.2,57
2022,48,Iowa St. ,B12,20,12,11,13.95,104.4,151,90.4,10,66.1,232,0.038,91,10.22,17,107.7,24,97.5,12,-6.64,328
2022,49,Providence,BE,25,5,4,13.88,111.9,31,98.0,79,65.2,273,0.194,1,7.04,56,106.1,69,99.1,44,-0.18,168
2022,50,North Texas,CUSA,24,6,,13.84,105.5,129,91.7,15,59.0,358,0.01,152,0.51,139,104.3,119,103.8,187,4.81,44
2022,51,BYU,WCC,22,10,,13.82,110.3,52,96.5,56,67.8,124,0.024,129,6.08,73,105.5,82,99.5,51,6.26,29
2022,52,Notre Dame ,ACC,22,10,11,13.63,112.0,29,98.4,84,65.7,250,0.016,144,6.2,70,106.6,60,100.4,78,3.12,87
2022,53,Creighton,BE,22,11,9,13.47,105.6,124,92.1,18,66.9,189,0.09,25,8.69,35,107.7,26,99.0,43,-0.16,165
2022,54,SMU,Amer,23,8,,13.36,110.1,55,96.7,59,68.0,114,0.051,72,3.44,103,104.5,114,101.0,101,-2.35,239
2022,55,Washington St.,P12,19,14,,13.3,108.3,78,95.0,39,66.1,228,-0.101,347,4.49,91,105.6,81,101.1,103,-2.94,254
2022,56,Florida,SEC,19,13,,13.29,111.4,37,98.1,80,64.9,292,-0.026,237,7.61,50,106.1,70,98.5,27,-2.25,236
2022,57,Dayton,A10,23,10,,13.28,109.0,71,95.7,45,63.0,342,-0.025,234,1.32,125,103.5,145,102.1,121,-1.8,222
2022,58,Wyoming ,MWC,25,8,12,13.1,110.2,54,97.1,66,66.0,238,0.067,53,4.75,89,105.3,88,100.5,82,-0.49,178
2022,59,Vermont ,AE,28,5,13,13.07,110.8,44,97.7,74,65.0,288,-0.015,209,-7.51,330,99.1,328,106.6,305,2.2,107
2022,60,Xavier,BE,18,13,,12.89,110.9,41,98.0,78,68.2,109,-0.035,260,8.36,39,106.8,57,98.4,24,1.11,136
2022,61,St. John's,BE,17,15,,12.8,110.2,53,97.4,69,73.4,1,-0.101,346,6.7,62,106.1,72,99.4,49,-7.59,340
2022,62,Miami FL ,ACC,23,10,10,12.62,114.8,17,102.1,157,67.3,160,0.069,50,6.64,63,106.8,55,100.2,71,0.55,148
2022,63,Missouri St.,MVC,23,10,,12.28,113.6,25,101.3,140,66.8,192,-0.045,284,0.84,130,104.0,126,103.2,160,-2.35,238
2022,64,Saint Louis,A10,23,11,,12.19,109.9,60,97.7,72,67.7,125,-0.017,215,3.49,102,104.9,100,101.4,111,2.78,96
2022,65,Vanderbilt,SEC,17,16,,12.1,106.8,103,94.7,36,67.8,122,-0.061,309,8.9,32,107.5,33,98.6,30,-0.52,179
2022,66,Kansas St.,B12,14,17,,12.0,109.4,67,97.4,70,66.5,205,-0.092,342,11.31,8,107.5,35,96.1,3,-3.93,280
2022,67,VCU,A10,21,9,,11.87,100.0,239,88.1,4,68.3,103,0.071,47,5.34,83,106.1,73,100.7,92,5.34,38
2022,68,Santa Clara,WCC,21,11,,11.76,113.4,26,101.7,146,70.7,24,-0.012,206,2.51,112,103.1,160,100.6,87,-1.23,201
2022,69,Fresno St.,MWC,19,13,,11.68,105.1,137,93.4,25,60.8,356,-0.077,332,3.4,104,104.0,124,100.6,89,-3.41,265
2022,70,Colorado,P12,21,11,,11.46,106.9,99,95.4,42,67.2,168,0.052,69,5.44,82,105.9,77,100.5,80,-7.12,336
2022,71,South Dakota St. ,Sum,30,4,13,11.44,116.8,12,105.3,220,69.4,59,0.061,58,-3.92,243,103.3,152,107.2,332,4.27,54
2022,72,Chattanooga ,SC,27,7,13,11.27,110.0,58,98.8,95,64.6,302,0.024,128,0.15,142,105.1,92,104.9,245,1.73,120
2022,73,West Virginia,B12,16,17,,11.06,108.0,84,97.0,63,67.9,117,-0.001,179,12.12,2,108.5,12,96.4,4,-0.23,171
2022,74,Rutgers ,B10,18,13,11,10.86,106.4,107,95.5,43,64.9,289,0.016,142,8.01,44,108.5,13,100.5,81,-10.28,355
2022,75,Furman,SC,22,12,,10.85,113.9,22,103.1,177,64.7,297,-0.072,326,-0.09,149,104.3,116,104.4,221,1.0,138
2022,76,Syracuse,ACC,16,17,,10.53,115.1,16,104.6,211,67.5,145,-0.065,315,7.56,51,107.3,42,99.8,60,3.52,77
2022,77,Towson,CAA,25,8,,10.5,110.0,57,99.5,110,64.4,317,-0.009,198,-2.84,214,101.4,224,104.2,212,-1.47,206
2022,78,Clemson,ACC,17,16,,10.39,110.0,59,99.6,112,66.2,226,-0.083,335,6.08,72,106.8,58,100.7,90,-0.3,173
2022,79,Oregon,P12,19,14,,10.24,109.8,63,99.5,109,67.9,119,0.01,153,7.18,55,106.4,65,99.2,45,3.73,72
2022,80,Maryland,B10,15,17,,10.12,109.5,66,99.4,106,66.5,206,-0.035,259,9.35,23,108.9,8,99.6,53,-0.57,181
2022,81,New Mexico St. ,WAC,26,6,12,10.1,107.8,87,97.7,73,66.2,223,0.099,17,0.7,133,102.3,190,101.6,113,4.14,60
2022,82,Belmont,OVC,25,7,,10.01,108.6,74,98.6,92,68.8,79,0.077,35,-2.11,198,101.7,212,103.8,186,5.55,32
2022,83,Richmond ,A10,23,12,12,9.82,109.1,69,99.3,104,66.9,191,0.029,114,4.41,92,105.0,94,100.6,88,2.84,94
2022,84,Virginia,ACC,19,13,,9.81,107.0,98,97.2,67,59.2,357,0.019,139,5.84,76,107.2,46,101.3,110,-4.11,283
2022,85,Drake,MVC,24,10,,9.79,108.4,77,98.6,93,66.1,233,0.012,149,1.65,119,104.5,112,102.8,148,-3.91,279
2022,86,UNLV,MWC,18,14,,9.53,108.1,83,98.5,90,66.2,225,-0.02,218,5.17,85,104.8,102,99.6,54,1.63,122
2022,87,Northwestern,B10,15,16,,9.45,106.7,104,97.2,68,67.6,134,-0.077,331,8.17,42,108.3,17,100.2,70,-10.87,358
2022,88,St. Bonaventure,A10,20,9,,9.43,108.2,81,98.8,96,65.6,255,0.089,27,3.53,101,104.1,122,100.6,86,1.88,116
2022,89,Penn St.,B10,14,17,,9.34,105.3,133,96.0,47,61.9,354,-0.037,263,9.68,20,109.9,2,100.2,74,-2.89,253
2022,90,Toledo,MAC,26,7,,9.33,111.3,39,101.9,149,68.7,84,0.035,99,-3.79,238,102.2,193,106.0,285,2.42,101
2022,91,Northern Iowa,MVC,19,11,,8.48,110.3,51,101.9,148,67.1,178,0.034,102,3.85,97,104.9,99,101.0,100,4.64,48
2022,92,Bradley,MVC,17,14,,8.44,105.1,136,96.7,60,67.1,173,-0.09,341,1.9,115,104.3,117,102.4,127,-1.72,217
2022,93,Grand Canyon,WAC,23,8,,8.37,104.9,141,96.5,57,65.3,267,0.009,155,-3.03,222,100.2,289,103.3,166,-6.42,326
2022,94,Iona,MAAC,25,7,,8.19,107.6,88,99.5,107,68.9,75,0.003,167,-1.88,193,101.4,223,103.3,169,4.04,61
2022,95,Arizona St.,P12,14,17,,8.16,101.4,208,93.2,23,67.2,170,0.005,164,10.22,16,107.9,22,97.7,14,8.89,14
2022,96,Wichita St.,Amer,15,13,,8.03,104.2,155,96.1,51,66.8,195,-0.037,267,4.86,87,104.9,98,100.0,67,2.28,105
2022,97,South Carolina,SEC,18,13,,7.54,101.7,200,94.1,32,70.4,31,0.105,14,9.14,27,108.0,21,98.8,32,-0.33,174
2022,98,Louisiana Tech,CUSA,24,10,,7.53,106.0,117,98.4,87,68.4,100,0.025,124,-0.07,148,103.3,154,103.3,170,0.9,141
2022,99,Tulane,Amer,14,15,,7.53,108.8,72,101.3,139,67.8,121,-0.067,320,4.7,90,104.6,110,99.9,63,-1.97,229
2022,100,Middle Tennessee,CUSA,23,10,,7.14,105.6,126,98.4,86,67.5,146,-0.006,193,-1.07,171,102.8,166,103.9,190,-0.97,190
2022,101,Cincinnati,Amer,18,15,,7.04,104.5,150,97.4,71,67.4,147,-0.051,298,2.94,108,103.8,138,100.8,96,-5.36,308
2022,102,DePaul,BE,15,16,,6.73,107.0,97,100.3,121,68.7,90,-0.025,236,6.89,58,106.3,66,99.4,50,-7.42,339
2022,103,Stanford,P12,16,16,,6.36,105.5,130,99.1,101,65.7,254,0.075,42,9.2,26,107.3,41,98.2,19,2.07,112
2022,104,Princeton,Ivy,23,6,,6.09,111.7,33,105.6,230,66.7,197,0.045,79,-4.6,267,101.2,236,105.8,277,-4.97,300
2022,105,Mississippi,SEC,13,19,,6.01,105.9,120,99.9,117,65.1,278,-0.07,322,7.67,48,106.5,62,98.9,34,-1.82,223
2022,106,UCF,Amer,18,12,,5.94,106.6,106,100.6,127,67.3,158,0.054,66,3.64,100,103.6,140,100.0,66,-3.7,273
2022,107,Washington,P12,17,15,,5.41,104.3,153,98.9,99,69.4,60,0.078,33,6.32,68,106.4,63,100.1,68,-1.73,218
2022,108,Nevada,MWC,13,18,,5.37,107.1,94,101.7,147,70.1,39,-0.035,258,8.0,45,107.0,48,99.0,42,4.76,45
2022,109,Florida St.,ACC,17,14,,5.35,105.0,139,99.6,113,67.7,126,0.075,39,7.35,53,109.1,6,101.7,116,0.42,150
2022,110,Minnesota,B10,13,17,,5.31,107.3,93,102.0,151,65.0,285,0.006,160,9.26,24,108.2,20,99.0,41,-3.4,264
2022,111,Wofford,SC,19,13,,5.02,106.6,105,101.5,145,64.1,323,-0.031,249,-0.01,147,104.8,101,104.8,239,-0.2,169
2022,112,Stephen F. Austin,WAC,22,9,,4.94,103.0,179,98.1,81,68.9,76,0.036,97,-1.36,181,102.3,189,103.7,180,3.46,80
2022,113,Western Kentucky,CUSA,19,13,,4.88,106.8,101,101.9,150,68.5,96,-0.033,253,-0.98,166,102.5,184,103.5,178,-1.12,198
2022,114,Morehead St.,OVC,23,11,,4.72,103.9,162,99.2,102,64.7,300,0.024,127,-2.47,205,101.1,245,103.6,179,4.14,59
2022,115,George Mason,A10,14,16,,4.7,106.0,116,101.3,141,64.7,298,-0.108,349,1.98,113,104.2,121,102.2,122,-0.96,189
2022,116,Utah Valley,WAC,20,12,,4.62,103.0,180,98.4,85,65.7,251,-0.011,203,-0.58,159,101.9,200,102.5,132,2.87,93
2022,117,Temple,Amer,17,12,,4.3,102.2,193,97.9,75,66.2,221,0.083,29,3.84,98,104.3,118,100.4,79,-1.53,210
2022,118,Saint Peter's ,MAAC,19,11,15,4.28,98.8,259,94.5,34,66.0,242,-0.016,213,-2.78,212,101.3,234,104.1,201,3.72,73
2022,119,Colgate ,Pat,23,11,14,4.22,108.3,79,104.1,203,67.3,163,-0.07,321,-7.96,337,99.2,322,107.2,333,1.8,117
2022,120,Southern Illinois,MVC,16,15,,4.06,102.9,183,98.9,97,62.0,352,-0.071,323,0.81,132,103.4,149,102.6,137,-5.39,312
2022,121,Utah,P12,11,20,,3.95,107.6,90,103.7,192,66.1,231,-0.121,356,6.44,66,105.7,80,99.2,46,-1.16,199
2022,122,Florida Atlantic,CUSA,19,14,,3.9,106.3,109,102.4,163,67.2,166,-0.095,343,-2.78,213,101.6,213,104.4,220,-6.64,329
2022,123,Ohio,MAC,24,9,,3.86,104.5,148,100.6,128,67.4,152,0.037,96,-5.72,291,101.0,256,106.7,313,-4.45,291
2022,124,Liberty,ASun,22,11,,3.84,105.2,135,101.3,142,65.2,271,-0.034,255,-4.82,271,101.0,252,105.8,276,-0.28,172
2022,125,Montana St. ,BSky,27,7,14,3.81,104.5,147,100.7,129,67.3,157,0.031,111,-6.2,308,101.9,203,108.1,350,-0.52,180
2022,126,Butler,BE,14,19,,3.72,102.6,189,98.9,98,63.8,335,0.008,157,10.57,14,108.5,15,97.9,18,2.06,113
2022,127,Buffalo,MAC,19,11,,3.66,107.3,92,103.6,190,70.9,20,-0.033,252,-2.91,217,102.2,191,105.1,252,5.51,34
2022,128,UC Irvine,BW,15,10,,3.64,99.8,244,96.1,50,65.1,277,-0.005,191,0.55,136,102.8,172,102.2,124,6.96,23
2022,129,Abilene Christian,WAC,23,10,,3.63,103.0,182,99.4,105,69.9,44,0.028,116,-2.26,203,100.8,259,103.1,156,-2.53,245
2022,130,UC Santa Barbara,BW,17,11,,3.55,105.6,128,102.0,153,65.5,261,-0.084,336,-4.86,272,99.8,313,104.6,230,-10.25,354
2022,131,Akron ,MAC,24,9,13,3.49,106.2,113,102.7,166,62.1,351,0.026,119,-5.24,280,100.8,264,106.0,288,-4.18,286
2022,132,Boston College,ACC,13,20,,3.48,104.0,159,100.5,126,64.8,294,-0.08,334,4.8,88,105.7,79,100.9,98,-6.89,331
2022,133,Hofstra,CAA,21,11,,3.34,108.7,73,105.4,223,68.9,74,0.06,60,-0.14,152,104.0,129,104.1,208,5.43,36
2022,134,Seattle,WAC,23,9,,3.12,100.2,236,97.0,65,70.4,32,0.043,84,-5.26,281,100.4,278,105.7,270,-9.48,352
2022,135,Rhode Island,A10,15,16,,3.04,99.3,250,96.3,52,67.2,171,-0.089,340,0.83,131,104.0,125,103.2,163,-3.0,256
2022,136,Missouri,SEC,12,21,,3.04,104.1,158,101.1,135,65.5,260,-0.02,219,10.65,13,107.7,29,97.0,10,2.38,102
2022,137,Texas St.,SB,21,7,,2.99,105.8,121,102.8,170,63.7,337,0.136,4,-3.27,229,101.0,254,104.2,211,-1.31,204
2022,138,Nebraska,B10,10,22,,2.94,105.9,119,103.0,172,71.0,19,-0.057,306,8.92,31,108.3,19,99.4,48,-3.1,259
2022,139,South Alabama,SB,19,11,,2.7,103.8,164,101.1,136,66.5,212,-0.05,296,-2.69,208,100.4,281,103.1,155,-1.07,196
2022,140,Sam Houston St.,WAC,19,14,,2.64,101.1,216,98.5,88,64.7,299,-0.004,187,-0.47,155,102.0,196,102.4,131,3.98,64
2022,141,California,P12,12,20,,2.63,100.7,221,98.1,82,64.0,329,-0.048,292,6.58,64,106.3,67,99.7,59,-1.99,231
2022,142,Louisville,ACC,13,19,,2.57,102.6,187,100.0,118,67.0,184,0.001,173,6.79,59,107.5,34,100.7,91,1.8,118
2022,143,N.C. State,ACC,11,21,,2.55,109.2,68,106.6,251,66.9,190,-0.076,330,6.0,75,107.0,50,101.0,99,-3.0,255
2022,144,Longwood ,BSth,26,6,14,2.48,106.1,115,103.6,191,66.0,235,0.095,21,-8.28,344,98.4,342,106.7,314,-6.92,333
2022,145,Delaware ,CAA,22,12,15,2.28,106.8,100,104.6,212,66.6,199,0.023,130,-2.57,206,101.8,205,104.4,219,-3.61,270
2022,146,Jacksonville St. ,ASun,21,10,15,2.24,105.3,132,103.1,178,65.1,276,-0.021,224,-5.15,277,100.6,270,105.8,273,0.23,157
2022,147,Yale ,Ivy,19,11,14,2.23,101.5,203,99.2,103,68.7,86,0.061,57,-2.1,197,102.9,165,105.0,249,0.65,144
2022,148,North Dakota St.,Sum,23,10,,2.14,103.4,171,101.2,138,66.3,220,0.101,15,-4.55,265,103.5,144,108.0,347,-1.11,197
2022,149,Cal St. Fullerton ,BW,21,10,15,2.1,104.7,144,102.6,164,66.0,239,0.038,92,-2.94,219,100.5,274,103.5,176,-3.03,257
2022,150,Kent St.,MAC,23,10,,1.91,101.5,204,99.5,111,65.8,245,0.071,48,-3.34,230,102.6,178,105.9,284,0.36,152
2022,151,Georgia St. ,SB,18,10,16,1.84,101.5,201,99.7,114,67.1,174,0.062,56,-1.29,177,101.1,244,102.4,130,2.05,114
2022,152,Wagner,NEC,21,6,,1.67,102.2,194,100.5,123,66.4,214,0.081,30,-9.17,355,97.9,352,107.1,328,1.57,125
2022,153,Long Beach St.,BW,20,12,,1.61,103.8,165,102.2,158,70.7,27,0.11,13,0.14,144,102.7,175,102.5,136,7.22,21
2022,154,Charleston,CAA,17,15,,1.51,104.6,145,103.1,176,73.4,2,-0.035,257,-1.25,176,102.9,164,104.2,209,1.09,137
2022,155,New Mexico,MWC,13,19,,1.44,107.1,95,105.7,231,70.9,21,-0.04,273,5.68,77,105.5,83,99.8,62,2.14,108
2022,156,Appalachian St.,SB,19,14,,1.23,101.7,199,100.5,124,64.1,325,0.026,120,-0.1,150,103.1,162,103.2,159,6.64,26
2022,157,Drexel,CAA,15,14,,0.92,104.5,149,103.6,189,66.3,217,-0.063,311,-1.39,183,103.2,156,104.6,233,1.16,134
2022,158,Coastal Carolina,SB,16,13,,0.87,103.2,172,102.3,161,66.0,236,-0.097,344,-2.2,201,101.2,241,103.4,172,1.47,127
2022,159,Oral Roberts,Sum,19,12,,0.87,109.8,61,109.0,284,70.2,36,-0.027,240,-3.98,246,103.3,155,107.2,334,3.25,84
2022,160,Hawaii,BW,17,11,,0.57,102.0,195,101.4,144,65.1,282,-0.01,200,-3.66,236,100.4,279,104.1,206,-4.69,296
2022,161,VMI,SC,16,15,,0.47,110.8,43,110.3,305,68.4,98,-0.038,269,-0.11,151,104.0,128,104.1,207,-0.89,186
2022,162,Winthrop,BSth,23,9,,0.41,105.9,118,105.5,228,68.2,105,0.115,10,-3.15,225,100.8,263,104.0,192,6.15,31
2022,163,Saint Joseph's,A10,11,19,,0.4,100.5,225,100.1,119,67.9,120,-0.085,338,1.9,114,103.5,142,101.6,114,-1.78,221
2022,164,UTEP,CUSA,19,13,,0.36,100.8,218,100.5,122,66.5,209,0.053,67,-0.77,161,102.7,176,103.4,175,-1.33,205
2022,165,Jacksonville,ASun,21,10,,0.29,100.4,229,100.1,120,61.4,355,0.047,76,-5.29,282,101.8,207,107.0,325,-3.63,272
2022,166,Monmouth,MAAC,21,13,,0.27,102.4,191,102.1,156,66.1,234,0.076,38,-1.15,174,101.9,202,103.0,151,3.85,66
2022,167,Georgia Tech,ACC,12,20,,0.22,100.0,240,99.8,115,67.9,116,-0.021,223,5.66,78,107.0,51,101.3,108,-5.92,319
2022,168,Norfolk St. ,MEAC,24,6,16,0.15,102.4,190,102.3,160,66.9,187,0.095,23,-10.62,357,95.3,358,105.9,280,-4.18,285
2022,169,UC Riverside,BW,16,12,,-0.1,100.8,220,100.9,132,65.2,272,0.004,165,-1.99,195,100.4,285,102.4,126,3.5,79
2022,170,Southern Utah,BSky,20,11,,-0.14,106.2,112,106.3,249,68.4,99,0.033,107,-5.73,292,100.5,273,106.3,295,1.97,115
2022,171,Gardner Webb,BSth,18,13,,-0.22,96.6,296,96.8,62,67.4,151,-0.029,244,-4.28,255,101.6,218,105.8,279,3.12,88
2022,172,Weber St.,BSky,21,12,,-0.26,103.7,167,104.0,199,69.4,57,0.023,133,-5.53,287,101.3,233,106.8,319,0.12,159
2022,173,Tulsa,Amer,11,20,,-0.28,103.8,166,104.1,202,66.4,216,-0.066,317,3.06,107,103.8,136,100.7,93,-5.56,317
2022,174,UNC Greensboro,SC,17,14,,-0.37,100.4,227,100.8,130,62.1,349,0.051,70,-1.05,169,104.7,103,105.8,274,-3.13,260
2022,175,Portland,WCC,18,14,,-0.39,103.1,177,103.5,187,68.8,78,0.054,65,-0.9,164,102.6,180,103.5,177,-5.95,320
2022,176,Georgetown,BE,6,25,,-0.54,104.9,140,105.5,225,69.9,43,-0.11,351,8.6,36,106.9,54,98.3,22,-1.97,228
2022,177,Fordham,A10,16,16,,-0.64,94.7,322,95.3,41,67.5,136,0.017,141,-0.56,157,104.0,127,104.6,227,-7.38,338
2022,178,UNC Wilmington,CAA,23,9,,-0.65,102.8,184,103.5,186,65.2,269,0.155,3,-3.26,228,101.7,210,104.9,248,-5.38,311
2022,179,Arkansas St.,SB,18,11,,-0.77,100.2,234,101.0,133,68.2,106,0.065,55,-2.72,210,101.4,225,104.1,203,-5.28,306
2022,180,Troy,SB,20,11,,-0.8,99.1,253,99.9,116,66.7,196,0.089,28,-2.47,204,101.5,219,104.0,195,-3.85,277
2022,181,Louisiana,SB,16,15,,-0.81,101.8,197,102.7,165,69.5,56,-0.022,227,-2.01,196,100.9,257,102.9,149,-1.64,214
2022,182,Wright St. ,Horz,21,13,16,-0.87,106.4,108,107.2,262,68.4,97,-0.001,178,-7.41,329,100.0,301,107.4,338,-0.04,163
2022,183,Bryant ,NEC,22,9,16,-0.95,104.2,154,105.2,218,72.2,7,0.126,7,-8.59,352,98.1,350,106.6,311,0.05,161
2022,184,Samford,SC,21,11,,-1.05,105.2,134,106.3,246,69.0,71,0.162,2,-0.56,158,104.6,106,105.2,254,-3.62,271
2022,185,East Carolina,Amer,15,15,,-1.08,102.8,185,103.9,197,67.5,140,0.074,43,1.19,127,102.4,186,101.2,105,-8.06,347
2022,186,Illinois St.,MVC,13,20,,-1.2,105.3,131,106.5,250,67.9,118,-0.103,348,0.97,128,103.6,141,102.6,139,-5.24,303
2022,187,East Tennessee St.,SC,15,17,,-1.21,108.0,85,109.2,289,65.2,270,0.021,137,1.41,123,105.4,84,104.0,199,4.64,47
2022,188,Texas Southern ,SWAC,18,12,16,-1.33,98.1,270,99.5,108,67.6,130,0.006,159,-6.77,318,98.5,340,105.3,259,10.52,9
2022,189,Massachusetts,A10,15,17,,-1.36,112.0,30,113.3,344,68.9,72,0.052,68,1.37,124,102.2,192,100.8,97,-2.38,241
2022,190,Navy,Pat,21,11,,-1.36,95.4,311,96.7,61,64.6,309,0.037,94,-6.75,317,100.5,275,107.3,336,3.51,78
2022,191,Oakland,Horz,20,12,,-1.39,103.1,176,104.5,208,67.3,153,0.022,135,-4.44,262,101.7,209,106.1,290,8.87,15
2022,192,Cornell,Ivy,15,11,,-1.74,103.6,169,105.4,224,71.6,16,0.041,86,-2.7,209,102.1,194,104.9,242,-1.68,216
2022,193,Old Dominion,CUSA,13,19,,-1.76,101.1,214,102.9,171,64.2,321,-0.078,333,-0.16,153,103.1,161,103.3,165,-1.05,195
2022,194,Mercer,SC,16,17,,-1.81,105.8,122,107.6,268,64.6,307,0.023,132,0.66,135,105.3,87,104.6,232,1.67,121
2022,195,Northern Kentucky,Horz,20,12,,-2.07,101.1,215,103.2,180,64.1,326,-0.004,188,-7.69,335,99.9,308,107.6,342,-4.0,281
2022,196,Loyola Marymount,WCC,11,18,,-2.24,106.1,114,108.4,278,65.8,247,-0.003,185,4.25,94,105.0,93,100.8,95,2.29,104
2022,197,Valparaiso,MVC,14,18,,-2.27,103.1,175,105.3,222,65.0,286,-0.024,232,0.95,129,103.8,137,102.8,147,-5.08,302
2022,198,Niagara,MAAC,14,16,,-2.28,100.1,237,102.4,162,64.2,320,-0.044,280,-2.73,211,101.5,221,104.2,210,-1.0,192
2022,199,Bellarmine,ASun,20,13,,-2.38,108.2,82,110.6,312,61.9,353,0.113,11,-1.11,172,103.5,143,104.6,231,13.51,4
2022,200,Dartmouth,Ivy,9,16,,-2.46,98.9,258,101.3,143,64.6,311,-0.122,357,-1.04,168,103.4,148,104.5,223,2.9,92
2022,201,South Dakota,Sum,19,12,,-2.49,104.8,142,107.3,263,65.6,257,0.058,63,-5.35,284,103.3,153,108.6,355,-5.24,304
2022,202,Charlotte,CUSA,17,14,,-2.55,105.0,138,107.5,267,65.4,265,0.095,22,-1.0,167,102.8,168,103.8,188,-0.06,164
2022,203,Cleveland St.,Horz,20,10,,-2.59,103.7,168,106.3,247,67.6,133,-0.0,174,-8.51,351,99.0,331,107.5,339,0.62,145
2022,204,Pittsburgh,ACC,11,21,,-2.82,99.4,249,102.2,159,63.9,332,0.05,75,6.25,69,107.3,43,101.1,102,0.05,162
2022,205,Brown,Ivy,13,16,,-2.9,100.5,224,103.4,183,67.3,164,-0.047,289,-0.75,160,103.2,158,103.9,191,2.98,90
2022,206,UMKC,Sum,19,12,,-2.99,100.4,226,103.4,185,67.3,161,0.058,64,-4.21,253,103.8,134,108.0,348,1.32,131
2022,207,Nicholls St.,Slnd,21,11,,-3.0,101.5,202,104.5,210,69.6,51,0.03,113,-8.06,339,100.0,300,108.1,349,0.59,147
2022,208,Tarleton St.,WAC,14,17,,-3.07,100.0,241,103.0,174,63.0,343,-0.037,266,0.14,143,102.3,187,102.2,123,9.2,12
2022,209,Florida Gulf Coast,ASun,21,11,,-3.09,104.3,152,107.4,265,69.7,50,0.077,36,-6.05,304,100.3,286,106.3,296,-5.62,318
2022,210,Boston University,Pat,21,12,,-3.36,105.8,123,109.1,287,65.1,279,0.004,166,-8.45,347,97.7,354,106.1,291,-4.44,290
2022,211,Penn,Ivy,12,16,,-3.41,106.3,110,109.7,297,67.5,138,0.031,112,1.2,126,103.7,139,102.5,135,6.99,22
2022,212,Northern Colorado,BSky,20,15,,-3.5,107.8,86,111.3,325,69.5,54,0.08,31,-3.79,240,101.7,211,105.5,265,7.99,19
2022,213,Marist,MAAC,14,16,,-3.61,100.7,222,104.3,207,66.1,230,-0.048,293,-4.55,266,100.4,284,104.9,246,-7.19,337
2022,214,Southern,SWAC,17,14,,-3.7,96.8,292,100.5,125,69.8,47,-0.032,250,-5.95,297,99.2,324,105.2,253,6.19,30
2022,215,UC Davis,BW,13,11,,-3.7,98.4,265,102.1,154,67.0,180,0.014,146,-5.24,279,100.2,292,105.4,263,-6.25,324
2022,216,Fairfield,MAAC,15,18,,-3.78,100.3,230,104.1,205,64.1,324,-0.072,325,-4.35,258,100.4,280,104.8,237,-7.11,335
2022,217,UT Arlington,SB,11,18,,-3.79,98.3,267,102.1,155,65.1,281,-0.027,239,1.41,122,102.7,173,101.3,107,11.16,7
2022,218,Campbell,BSth,16,13,,-3.9,100.8,219,104.7,213,62.3,346,-0.046,287,-5.96,298,98.7,338,104.7,235,-1.17,200
2022,219,Eastern Washington,BSky,18,15,,-3.9,104.0,161,107.9,274,69.3,62,0.006,161,-5.29,283,101.3,232,106.6,306,3.61,75
2022,220,Georgia,SEC,6,26,,-4.06,106.8,102,110.9,321,68.5,94,-0.024,229,8.17,41,106.0,74,97.9,16,-2.41,242
2022,221,UNC Asheville,BSth,16,14,,-4.21,101.3,212,105.5,227,66.4,213,-0.029,245,-5.87,295,100.1,298,106.0,287,-0.36,175
2022,222,Cal Baptist,WAC,18,15,,-4.22,99.2,251,103.4,184,67.5,139,0.001,171,-4.95,274,99.9,309,104.8,240,-8.81,350
2022,223,Rice,CUSA,16,16,,-4.24,106.3,111,110.5,309,67.5,144,0.026,121,-2.13,199,101.2,239,103.3,168,-6.89,332
2022,224,Kennesaw St.,ASun,13,18,,-4.37,104.8,143,109.2,288,66.1,229,-0.116,353,-1.89,194,102.5,183,104.4,217,6.54,28
2022,225,San Diego,WCC,15,16,,-4.4,96.8,291,101.2,137,65.5,262,0.09,26,1.85,116,103.8,135,102.0,120,-2.38,240
2022,226,Indiana St.,MVC,11,20,,-4.45,98.6,261,103.1,175,69.1,66,-0.066,318,3.11,106,105.0,95,101.9,117,0.19,158
2022,227,George Washington,A10,12,18,,-4.54,99.5,248,104.0,201,68.8,80,0.043,83,0.67,134,103.2,157,102.6,138,-3.57,269
2022,228,La Salle,A10,11,19,,-4.8,99.0,254,103.8,194,67.1,176,-0.005,192,0.27,140,103.3,151,103.0,152,-10.24,353
2022,229,Harvard,Ivy,13,13,,-4.81,97.9,273,102.7,168,67.0,179,-0.045,285,-3.97,245,101.5,222,105.4,264,-4.8,298
2022,230,Detroit Mercy,Horz,14,15,,-5.04,105.6,125,110.6,314,64.6,301,-0.015,210,-4.41,261,101.0,250,105.4,261,4.31,53
2022,231,Rider,MAAC,14,19,,-5.19,99.0,255,104.2,206,66.8,194,-0.01,201,-3.25,227,100.8,260,104.1,204,-4.69,295
2022,232,Purdue Fort Wayne,Horz,21,11,,-5.22,98.7,260,103.9,198,68.2,104,0.072,46,-8.61,353,99.8,310,108.5,354,-7.09,334
2022,233,James Madison,CAA,15,14,,-5.26,102.6,188,107.8,272,68.8,83,0.076,37,-1.3,179,102.8,170,104.1,205,0.05,160
2022,234,Oregon St.,P12,3,28,,-5.27,105.6,127,110.8,320,66.5,204,-0.108,350,8.45,38,106.9,53,98.5,25,1.77,119
2022,235,Howard,MEAC,16,13,,-5.44,100.4,228,105.8,236,70.3,35,-0.058,307,-8.36,346,96.5,357,104.9,244,-2.34,237
2022,236,Western Illinois,Sum,16,15,,-5.47,101.4,207,106.9,255,70.4,30,-0.02,221,-5.56,288,103.2,159,108.7,356,-5.25,305
2022,237,LIU,NEC,16,14,,-5.58,99.9,242,105.5,226,72.3,5,0.033,108,-6.68,316,99.0,330,105.7,269,7.59,20
2022,238,Marshall,CUSA,12,21,,-5.68,101.5,205,107.1,259,72.2,6,-0.017,214,0.26,141,103.5,146,103.2,162,-0.38,176
2022,239,Quinnipiac,MAAC,14,17,,-5.84,102.7,186,108.5,279,68.7,88,-0.029,246,-4.38,260,99.6,317,104.0,193,-10.66,356
2022,240,Southeast Missouri St.,OVC,14,18,,-6.01,104.5,146,110.6,311,71.7,15,-0.036,262,-3.84,242,100.2,294,104.0,198,-3.15,261
2022,241,The Citadel,SC,13,18,,-6.14,101.3,211,107.4,266,70.4,33,0.011,151,-0.51,156,104.7,104,105.2,256,-5.38,309
2022,242,UMBC,AE,18,14,,-6.14,104.0,160,110.1,304,68.2,107,0.044,80,-7.06,324,100.0,302,107.1,326,-2.52,244
2022,243,Texas A&M Corpus Chris ,Slnd,23,11,16,-6.31,97.0,287,103.3,181,68.9,73,0.036,98,-10.92,358,98.8,335,109.7,358,-8.72,349
2022,244,Montana,BSky,18,14,,-6.44,100.5,223,106.9,256,65.2,275,0.026,122,-6.96,320,101.0,249,108.0,346,-5.95,321
2022,245,New Hampshire,AE,15,13,,-6.49,103.1,174,109.6,296,62.2,348,-0.022,225,-8.21,340,98.8,334,107.0,324,-2.49,243
2022,246,Mount St. Mary's,NEC,14,16,,-6.53,96.2,303,102.8,169,63.2,339,-0.036,261,-7.0,322,99.6,316,106.6,307,0.67,143
2022,247,High Point,BSth,14,18,,-6.56,98.4,264,105.0,215,66.4,215,-0.025,235,-3.99,248,100.7,266,104.7,236,3.84,67
2022,248,Siena,MAAC,15,14,,-6.57,97.9,274,104.5,209,66.2,222,0.111,12,-3.54,234,100.9,258,104.4,216,-4.51,292
2022,249,UMass Lowell,AE,15,16,,-6.86,96.3,302,103.2,179,67.3,154,-0.063,310,-6.98,321,100.2,291,107.2,331,-2.06,233
2022,250,South Florida,Amer,8,23,,-6.88,91.0,350,97.9,76,64.9,290,-0.015,211,4.17,95,104.5,113,100.3,77,-3.04,258
2022,251,Georgia Southern,SB,13,16,,-6.99,96.3,301,103.3,182,66.0,240,0.038,93,-1.3,178,101.3,229,102.6,140,-0.38,177
2022,252,Stony Brook,AE,18,13,,-7.0,104.1,156,111.1,324,68.1,111,0.099,16,-6.62,315,99.6,315,106.2,294,-1.47,207
2022,253,Elon,CAA,10,22,,-7.34,99.8,243,107.2,260,65.7,253,-0.055,305,1.76,117,104.4,115,102.7,143,8.71,18
2022,254,Portland St.,BSky,14,17,,-7.47,96.0,304,103.5,188,70.9,22,-0.015,212,-6.11,306,101.8,206,107.9,345,0.6,146
2022,255,UC San Diego,BW,13,16,,-7.53,102.0,196,109.6,295,67.8,123,0.006,162,-3.46,232,99.8,311,103.3,167,-3.46,268
2022,256,Tennessee Tech,OVC,11,21,,-7.73,100.2,235,107.9,273,69.2,63,-0.086,339,-2.17,200,101.0,253,103.1,158,3.6,76
2022,257,Air Force,MWC,11,18,,-7.77,96.0,305,103.8,196,63.2,340,0.068,52,2.54,111,104.2,120,101.7,115,-8.36,348
2022,258,Miami OH,MAC,14,18,,-7.85,103.9,163,111.7,330,67.6,131,-0.043,278,-4.36,259,101.3,231,105.7,267,-3.42,266
2022,259,Youngstown St.,Horz,18,14,,-7.9,103.0,178,110.9,322,66.2,224,-0.001,177,-9.91,356,98.3,344,108.2,352,-6.76,330
2022,260,Eastern Kentucky,ASun,13,18,,-7.99,101.4,209,109.4,293,70.8,23,-0.12,355,-6.0,300,100.4,283,106.4,299,-5.5,316
2022,261,New Orleans,Slnd,18,13,,-8.0,97.3,279,105.3,221,71.7,11,0.039,90,-9.05,354,100.0,305,109.0,357,-3.22,262
2022,262,Louisiana Monroe,SB,13,18,,-8.0,101.3,210,109.3,292,67.6,128,0.005,163,-1.5,187,101.2,237,102.7,144,2.12,110
2022,263,Ball St.,MAC,14,17,,-8.02,101.8,198,109.8,298,69.8,46,0.021,136,-4.76,269,101.3,228,106.1,289,-5.4,313
2022,264,Northeastern,CAA,9,22,,-8.13,96.9,289,105.1,217,64.3,318,-0.064,313,-1.11,173,103.9,131,105.0,250,0.4,151
2022,265,Lipscomb,ASun,14,19,,-8.19,102.3,192,110.5,310,69.1,69,0.013,148,-2.92,218,101.7,208,104.6,229,3.16,86
2022,266,Tennessee St.,OVC,14,18,,-8.33,98.4,266,106.7,253,67.4,148,-0.054,301,-6.53,314,98.8,337,105.3,258,-7.88,343
2022,267,Presbyterian,BSth,12,20,,-8.44,96.5,298,104.9,214,64.0,327,-0.044,281,-2.97,221,101.9,204,104.8,241,3.86,65
2022,268,Alcorn St.,SWAC,17,16,,-8.46,97.2,285,105.7,232,67.7,127,0.136,5,-4.32,256,99.4,319,103.8,184,14.35,2
2022,269,Manhattan,MAAC,15,15,,-8.55,100.2,232,108.8,280,68.5,95,0.097,19,-3.78,237,99.9,307,103.7,182,-6.24,323
2022,270,Cal St. Bakersfield,BW,8,19,,-8.58,98.0,271,106.6,252,64.3,319,-0.052,300,-1.43,185,101.3,230,102.7,145,1.37,129
2022,271,Canisius,MAAC,11,21,,-8.63,97.1,286,105.8,235,68.1,112,0.045,78,-1.83,191,101.9,199,103.8,185,0.47,149
2022,272,North Florida,ASun,11,20,,-8.66,97.4,278,106.0,243,67.6,129,0.003,168,1.48,120,104.1,123,102.7,141,14.3,3
2022,273,Loyola MD,Pat,14,16,,-8.74,96.5,299,105.2,219,64.4,316,-0.037,265,-8.46,348,99.1,329,107.5,340,-4.87,299
2022,274,FIU,CUSA,15,17,,-8.77,97.5,277,106.3,248,66.6,202,0.05,74,-4.34,257,101.6,217,105.9,281,-10.75,357
2022,275,Dixie St.,WAC,13,18,,-9.06,96.0,306,105.0,216,71.3,17,0.032,109,0.02,146,102.6,181,102.5,134,-1.0,193
2022,276,Southeastern Louisiana,Slnd,19,14,,-9.09,103.0,181,112.1,336,70.6,29,0.125,8,-6.25,311,99.9,306,106.2,292,2.12,109
2022,277,Jackson St.,SWAC,11,19,,-9.16,93.5,332,102.7,167,63.7,336,-0.002,184,-3.99,247,100.1,299,104.1,202,11.51,6
2022,278,Pepperdine,WCC,7,25,,-9.21,97.9,275,107.1,258,69.8,48,-0.023,228,4.04,96,104.6,109,100.5,83,-0.18,166
2022,279,USC Upstate,BSth,14,16,,-9.63,101.0,217,110.6,313,68.2,108,0.069,51,-3.96,244,100.5,276,104.5,225,3.79,70
2022,280,San Jose St.,MWC,8,23,,-9.87,99.5,246,109.4,294,65.3,266,-0.007,194,5.14,86,105.3,86,100.1,69,-1.98,230
2022,281,Bowling Green,MAC,13,18,,-9.93,103.2,173,113.1,342,72.7,3,-0.011,202,-4.96,275,101.6,216,106.5,304,-7.94,346
2022,282,Prairie View A&M,SWAC,8,19,,-9.95,97.3,281,107.2,261,70.2,37,-0.034,256,-2.86,215,100.2,290,103.1,154,17.42,1
2022,283,Duquesne,A10,6,24,,-10.03,99.0,256,109.0,286,65.8,249,-0.047,288,1.74,118,103.4,150,101.6,112,-3.81,276
2022,284,Hartford,AE,12,20,,-10.13,101.3,213,111.4,326,67.1,175,-0.05,297,-7.57,332,99.2,327,106.7,315,-4.98,301
2022,285,North Carolina Central,MEAC,16,15,,-10.32,96.8,293,107.1,257,67.5,143,0.044,81,-5.91,296,97.8,353,103.7,181,2.1,111
2022,286,Pacific,WCC,8,22,,-10.41,95.4,309,105.9,237,68.1,113,-0.048,294,0.52,138,103.9,130,103.4,173,-2.72,248
2022,287,Illinois Chicago,Horz,14,16,,-10.49,99.6,245,110.1,302,69.1,65,0.059,62,-7.11,325,99.3,321,106.4,302,1.19,133
2022,288,Denver,Sum,11,21,,-10.53,100.3,231,110.8,318,66.3,219,-0.046,286,-4.76,270,102.5,182,107.3,337,-4.17,284
2022,289,Austin Peay,OVC,12,17,,-10.61,95.1,316,105.7,234,64.5,314,0.066,54,-1.65,189,101.1,246,102.8,146,6.7,24
2022,290,Radford,BSth,11,18,,-10.63,95.3,313,106.0,241,64.0,328,0.023,134,-3.43,231,101.0,251,104.4,218,5.37,37
2022,291,Albany,AE,13,18,,-10.64,92.3,342,103.0,173,65.0,283,0.042,85,-5.97,299,100.4,282,106.4,300,-0.62,182
2022,292,Morgan St.,MEAC,13,14,,-10.83,95.2,315,106.1,244,71.7,14,-0.008,196,-7.04,323,97.0,356,104.0,196,2.33,103
2022,293,Binghamton,AE,12,17,,-10.89,95.0,317,105.9,238,67.0,182,-0.004,190,-6.32,312,100.7,265,107.0,323,-2.86,252
2022,294,Northern Illinois,MAC,9,21,,-10.97,93.1,337,104.1,204,66.9,188,0.001,172,-2.25,202,102.8,167,105.1,251,1.26,132
2022,295,North Carolina A&T,BSth,12,20,,-11.05,96.9,290,107.9,275,67.3,156,0.023,131,-3.18,226,100.7,268,103.8,189,2.96,91
2022,296,SIU Edwardsville,OVC,11,21,,-11.11,94.5,325,105.6,229,68.4,101,-0.024,230,-3.79,239,101.0,248,104.8,238,-1.24,202
2022,297,Army,Pat,15,16,,-11.21,96.6,297,107.8,271,68.7,87,0.025,125,-8.23,342,98.9,333,107.1,330,-3.86,278
2022,298,Western Carolina,SC,11,21,,-11.35,99.1,252,110.5,308,68.1,110,0.074,45,-0.35,154,105.3,89,105.6,266,-2.79,250
2022,299,UT Rio Grande Valley,WAC,8,23,,-11.49,100.2,233,111.7,331,71.7,13,-0.071,324,-0.91,165,101.0,247,102.0,118,0.24,156
2022,300,Merrimack,NEC,14,16,,-11.54,94.4,326,106.0,240,62.1,350,0.06,59,-7.34,327,99.3,320,106.7,312,-1.5,208
2022,301,Coppin St.,MEAC,9,23,,-11.71,92.1,345,103.8,195,72.1,9,-0.017,216,-3.06,223,100.3,287,103.3,171,5.45,35
2022,302,St. Thomas,Sum,10,20,,-12.02,107.1,96,119.1,357,65.2,274,-0.084,337,-4.14,251,102.5,185,106.6,310,-1.84,224
2022,303,Lehigh,Pat,13,19,,-12.15,98.2,268,110.4,306,68.0,115,-0.015,208,-8.51,350,98.3,346,106.8,318,-5.33,307
2022,304,Cal Poly,BW,7,21,,-12.25,93.4,333,105.7,233,64.5,313,-0.034,254,-2.57,207,100.8,261,103.4,174,-2.06,232
2022,305,Grambling St.,SWAC,12,20,,-12.34,93.8,331,106.2,245,69.2,64,0.034,103,-4.18,252,99.0,332,103.1,157,10.48,10
2022,306,Tennessee Martin,OVC,8,22,,-12.35,96.5,300,108.8,281,68.8,82,-0.041,276,-1.6,188,101.6,215,103.2,161,4.23,56
2022,307,Stetson,ASun,11,19,,-12.53,96.7,294,109.2,291,65.6,256,-0.009,199,-3.8,241,102.1,195,105.9,282,-0.9,187
2022,308,South Carolina St.,MEAC,15,16,,-12.59,93.4,334,106.0,239,69.9,42,0.074,44,-8.28,343,97.7,355,106.0,286,-4.79,297
2022,309,Maryland Eastern Shore,MEAC,11,15,,-12.67,91.0,349,103.7,193,67.5,142,0.018,140,-5.69,290,98.3,345,104.0,194,5.28,39
2022,310,Florida A&M,SWAC,13,17,,-12.8,95.0,319,107.8,270,65.4,264,0.097,20,-6.02,301,98.4,343,104.4,222,9.05,13
2022,311,McNeese St.,Slnd,11,22,,-12.88,97.9,276,110.7,317,69.6,53,-0.042,277,-5.07,276,100.6,271,105.7,268,5.17,41
2022,312,UTSA,CUSA,10,22,,-13.05,94.6,323,107.7,269,68.6,93,-0.02,220,-1.79,190,101.9,198,103.7,183,-7.63,342
2022,313,Alabama St.,SWAC,10,21,,-13.24,97.2,283,110.5,307,69.3,61,-0.002,182,-5.81,293,98.6,339,104.5,224,10.67,8
2022,314,Eastern Michigan,MAC,10,21,,-13.26,94.1,330,107.4,264,69.1,67,0.025,123,-2.94,220,102.3,188,105.3,257,0.83,142
2022,315,Central Michigan,MAC,7,23,,-13.33,96.6,295,110.0,300,67.4,149,-0.001,180,-1.06,170,103.9,133,104.9,247,3.43,81
2022,316,Sacramento St.,BSky,11,18,,-13.48,95.4,310,108.9,283,64.1,322,0.008,156,-5.51,286,101.6,214,107.1,329,1.6,124
2022,317,Alabama A&M,SWAC,12,18,,-13.5,87.5,355,101.1,134,66.5,207,0.034,106,-8.22,341,98.1,348,106.4,297,2.68,99
2022,318,North Alabama,ASun,9,21,,-13.6,90.4,352,104.0,200,67.6,132,-0.064,312,-3.14,224,102.8,171,105.9,283,3.98,63
2022,319,Evansville,MVC,6,24,,-13.85,93.0,338,106.8,254,64.0,330,-0.065,316,2.7,110,104.7,105,102.0,119,-2.23,235
2022,320,Central Arkansas,ASun,11,20,,-14.11,98.9,257,113.0,341,71.8,10,0.098,18,-0.86,162,103.4,147,104.3,214,8.79,16
2022,321,Sacred Heart,NEC,10,20,,-14.28,101.4,206,115.7,352,67.3,159,-0.027,241,-8.5,349,98.1,349,106.6,308,-5.41,314
2022,322,St. Francis NY,NEC,10,20,,-14.31,94.9,321,109.2,290,66.5,203,-0.037,264,-7.63,333,98.8,336,106.4,301,-1.75,219
2022,323,Idaho,BSky,9,22,,-14.37,99.5,247,113.9,347,69.9,45,-0.028,242,-4.47,264,101.3,227,105.8,278,2.72,98
2022,324,Lafayette,Pat,10,20,,-14.5,97.3,280,111.8,332,64.6,306,-0.041,275,-7.68,334,100.5,277,108.1,351,-0.18,167
2022,325,St. Francis PA,NEC,9,21,,-14.61,95.3,314,109.9,299,67.2,167,-0.075,328,-7.22,326,99.8,312,107.0,322,-1.75,220
2022,326,Little Rock,SB,9,19,,-14.69,97.2,282,111.9,333,66.6,198,0.075,40,0.54,137,102.8,169,102.3,125,4.59,49
2022,327,Western Michigan,MAC,8,23,,-14.87,97.2,284,112.1,335,63.9,331,-0.024,231,-1.88,192,103.9,132,105.7,272,4.86,43
2022,328,Robert Morris,Horz,8,24,,-15.22,98.6,262,113.8,345,66.6,201,-0.067,319,-6.1,305,100.7,267,106.7,316,3.1,89
2022,329,Hampton,BSth,9,19,,-15.3,90.7,351,106.0,242,69.0,70,0.07,49,-5.46,285,99.2,325,104.6,234,-2.68,247
2022,330,Northwestern St.,Slnd,9,23,,-15.31,98.5,263,113.8,346,71.1,18,-0.06,308,-4.22,254,101.2,238,105.4,262,6.7,25
2022,331,Cal St. Northridge,BW,7,23,,-15.73,94.4,327,110.1,303,64.9,293,0.029,115,-0.89,163,101.5,220,102.4,129,1.32,130
2022,332,American,Pat,10,22,,-16.28,94.5,324,110.8,319,64.8,295,0.003,169,-7.38,328,99.6,318,107.0,321,-3.8,275
2022,333,Northern Arizona,BSky,9,23,,-16.67,95.9,307,112.5,339,65.0,284,0.007,158,-4.66,268,102.0,197,106.6,309,0.99,139
2022,334,Bethune Cookman,SWAC,9,21,,-16.74,93.2,336,110.0,301,65.7,252,0.039,88,-6.46,313,98.0,351,104.5,226,3.4,82
2022,335,Milwaukee,Horz,10,22,,-17.04,91.9,346,109.0,285,66.8,193,-0.047,290,-7.88,336,99.7,314,107.6,344,-3.24,263
2022,336,Houston Baptist,Slnd,11,18,,-17.08,95.4,312,112.4,338,68.7,85,-0.002,183,-8.33,345,100.1,297,108.4,353,-0.86,185
2022,337,Bucknell,Pat,9,23,,-17.22,100.1,238,117.3,356,67.5,137,0.039,89,-6.14,307,100.6,269,106.8,317,-1.53,211
2022,338,Idaho St.,BSky,7,23,,-17.32,94.2,329,111.5,329,63.8,334,-0.038,270,-4.44,263,101.3,226,105.8,275,2.21,106
2022,339,Chicago St.,WAC,7,25,,-17.37,95.7,308,113.1,343,65.5,259,0.04,87,-1.45,186,101.0,255,102.4,128,-4.57,293
2022,340,Southern Miss,CUSA,7,26,,-17.77,94.2,328,112.0,334,67.0,186,0.034,105,0.13,145,103.0,163,102.9,150,-1.02,194
2022,341,William & Mary,CAA,5,27,,-17.91,90.1,353,108.0,277,68.7,91,0.015,145,-1.41,184,102.6,177,104.0,197,-1.86,225
2022,342,Nebraska Omaha,Sum,5,25,,-18.14,98.2,269,116.3,353,69.8,49,-0.055,303,-1.37,182,105.0,96,106.4,298,3.99,62
2022,343,NJIT,AE,11,18,,-18.44,89.6,354,108.0,276,65.9,243,0.092,24,-6.88,319,100.2,293,107.1,327,-6.44,327
2022,344,Green Bay,Horz,5,25,,-18.53,92.1,344,110.6,315,64.6,312,-0.116,352,-6.21,309,100.3,288,106.5,303,3.26,83
2022,345,North Dakota,Sum,6,25,,-19.44,96.9,288,116.4,354,67.2,165,-0.02,222,-4.89,273,102.7,174,107.6,343,-5.45,315
2022,346,Central Connecticut,NEC,8,24,,-19.81,91.6,347,111.4,327,64.5,315,0.032,110,-6.23,310,100.0,304,106.2,293,-1.52,209
2022,347,Fairleigh Dickinson,NEC,4,22,,-19.83,95.0,320,114.8,350,69.5,55,-0.051,299,-5.23,278,100.1,295,105.4,260,5.54,33
2022,348,Lamar,WAC,2,27,,-19.9,92.4,340,112.3,337,66.0,241,-0.065,314,-1.34,180,101.2,240,102.5,133,-0.68,183
2022,349,Holy Cross,Pat,9,22,,-20.19,91.3,348,111.5,328,67.0,183,0.059,61,-8.02,338,99.2,323,107.3,335,-4.1,282
2022,350,Charleston Southern,BSth,6,25,,-20.51,92.3,343,112.8,340,68.8,77,-0.002,181,-4.04,250,100.5,272,104.6,228,0.36,153
2022,351,Columbia,Ivy,4,22,,-21.14,93.3,335,114.5,348,69.4,58,-0.004,189,-4.02,249,101.2,242,105.2,255,-7.9,344
2022,352,Arkansas Pine Bluff,SWAC,7,24,,-21.49,97.9,272,119.4,358,67.0,181,0.009,154,-3.5,233,99.2,326,102.7,142,12.57,5
2022,353,Incarnate Word,Slnd,7,25,,-21.85,95.0,318,116.8,355,64.6,310,-0.008,197,-6.03,303,100.8,262,106.8,320,1.4,128
2022,354,Maine,AE,6,23,,-22.2,92.4,341,114.6,349,66.1,227,-0.048,291,-5.62,289,100.1,296,105.7,271,1.51,126
2022,355,Mississippi Valley St.,SWAC,2,26,,-22.56,92.9,339,115.4,351,70.7,25,-0.1,345,-6.03,302,98.2,347,104.3,213,5.28,40
2022,356,Delaware St.,MEAC,2,26,,-24.3,86.3,356,110.6,316,68.3,102,-0.118,354,-5.84,294,98.5,341,104.3,215,-0.95,188
2022,357,Eastern Illinois,OVC,5,26,,-25.38,83.5,357,108.9,282,64.6,303,-0.0,176,-2.9,216,101.1,243,104.0,200,-1.53,212
2022,358,IUPUI,Horz,3,26,,-31.57,79.5,358,111.1,323,62.3,347,-0.055,304,-7.56,331,100.0,303,107.6,341,-4.19,287
