Team,points-per-game,average-scoring-margin,field-goals-made-per-game,field-goals-attempted-per-game,offensive-efficiency,defensive-efficiency,effective-possession-ratio,effective-field-goal-pct,true-shooting-percentage,three-point-pct,two-point-pct,free-throw-pct,three-pointers-made-per-game,three-pointers-attempted-per-game,offensive-rebounds-per-game,defensive-rebounds-per-game,total-rebounds-per-game,offensive-rebounding-pct,defensive-rebounding-pct,total-rebounding-percentage,blocks-per-game,steals-per-game,assists-per-game,turnovers-per-game,assist--per--turnover-ratio,win-pct-all-games,win-pct-close-games,possessions-per-game,personal-fouls-per-game,opponent-points-per-game,opponent-average-scoring-margin,opponent-shooting-pct,opponent-effective-field-goal-pct,opponent-true-shooting-percentage,opponent-three-point-pct,opponent-two-point-pct,opponent-free-throw-pct,opponent-assists-per-game,opponent-turnovers-per-game,opponent-assist--per--turnover-ratio,opponent-offensive-rebounds-per-game,opponent-defensive-rebounds-per-game,opponent-total-rebounds-per-game,opponent-offensive-rebounding-pct,opponent-defensive-rebounding-pct,opponent-blocks-per-game,opponent-steals-per-game,opponent-effective-possession-ratio
Gonzaga,87.2,21.0,32.7,62.6,1.16,0.881,0.961,58.7,121.5,37.0,60.4,71.3,8.2,22.1,8.7,30.2,41.9,28.0,78.8,55.7,5.8,6.4,18.1,11.6,1.562,0.875,0.5,75.2,15.5,66.2,-21.0,38.0,43.1,92.2,30.5,41.8,69.9,10.2,12.0,0.849,8.1,22.2,33.4,21.2,72.0,2.9,6.1,0.948
S Dakota St,84.7,10.4,30.2,58.5,1.162,1.02,0.934,59.2,124.3,43.7,55.9,75.9,8.8,20.2,6.1,26.3,34.9,21.6,77.7,52.0,2.4,5.8,14.4,10.9,1.313,0.849,1.0,72.9,15.6,74.3,-10.4,44.1,51.4,107.6,35.2,50.3,74.3,12.2,11.3,1.072,7.5,22.2,32.2,22.3,78.4,2.7,4.8,0.948
Arizona,84.0,15.9,30.2,61.3,1.124,0.911,0.962,55.6,117.4,35.2,57.1,73.9,7.8,22.0,10.6,28.2,41.4,34.0,74.0,55.0,5.7,6.7,19.6,13.4,1.461,0.892,0.833,74.7,16.7,68.1,-15.9,38.7,44.4,94.2,32.8,41.8,67.4,11.8,12.8,0.928,9.9,20.5,33.8,26.0,66.0,2.9,6.9,0.962
Iowa,83.2,12.0,29.8,64.5,1.15,0.984,1.018,53.3,112.9,36.3,52.5,74.9,9.2,25.3,10.6,23.8,37.3,30.9,72.2,51.0,4.3,7.3,16.0,9.2,1.738,0.722,0.333,72.3,16.2,71.2,-12.0,43.7,49.7,105.0,32.9,49.9,71.1,14.4,13.6,1.057,9.1,23.6,35.9,27.8,69.1,2.9,5.3,0.938
Oral Roberts,81.5,3.6,29.7,65.5,1.104,1.055,0.985,53.9,112.2,37.2,52.3,72.2,11.3,30.2,8.5,27.5,38.8,24.7,77.2,51.2,4.1,4.7,11.3,9.6,1.179,0.571,0.333,73.8,15.9,77.8,-3.6,45.1,51.1,107.0,34.4,50.8,70.4,11.6,9.2,1.26,8.1,25.9,37.0,22.8,75.3,3.6,5.2,0.985
Duke,80.1,12.3,29.7,60.4,1.145,0.97,0.984,55.7,116.6,36.6,56.1,73.8,7.9,21.6,9.2,26.0,37.9,30.1,73.1,52.8,5.6,6.4,16.5,10.3,1.605,0.821,0.546,69.9,13.6,67.8,-12.3,41.7,47.1,98.4,32.0,46.6,69.1,13.3,10.7,1.236,9.6,21.3,33.9,26.9,69.9,3.2,6.0,0.983
St Johns,79.6,5.4,30.3,66.8,1.041,0.97,0.979,50.8,106.1,33.5,51.0,67.7,7.3,21.6,10.3,24.7,37.8,28.9,70.6,49.3,5.5,8.8,18.8,11.9,1.575,0.531,0.3,76.4,17.9,74.2,-5.4,42.4,48.9,105.1,34.1,47.5,71.6,13.1,15.9,0.821,10.3,25.3,38.9,29.4,71.1,4.1,6.1,0.926
Alabama,79.5,3.0,27.6,62.8,1.058,1.018,0.96,51.3,109.5,30.9,55.9,72.8,9.2,29.9,11.6,24.5,39.6,33.7,70.8,52.3,4.7,7.1,14.7,14.5,1.008,0.576,0.583,75.1,18.5,76.5,-3.0,43.7,49.8,106.8,33.8,49.3,71.5,12.5,13.2,0.945,10.1,22.8,36.1,29.2,66.3,3.7,7.8,0.959
Kentucky,79.4,12.9,30.3,62.7,1.115,0.934,0.998,53.1,111.7,34.7,53.5,72.6,6.1,17.5,11.4,25.4,40.1,36.3,77.4,56.9,4.2,6.8,16.1,11.6,1.393,0.765,0.25,71.3,14.3,66.6,-12.9,41.4,46.9,100.1,30.8,47.3,72.1,11.5,12.2,0.944,7.4,20.0,30.4,22.6,63.7,2.9,6.0,0.933
Purdue,79.4,10.9,27.7,56.6,1.153,0.995,0.971,56.5,118.7,38.4,55.8,71.1,8.5,22.2,9.8,25.9,38.7,34.3,78.7,57.1,3.5,4.6,16.2,11.8,1.378,0.784,0.4,68.8,14.5,68.4,-10.9,42.4,49.1,103.2,33.2,48.6,72.1,13.6,9.5,1.433,7.0,18.8,29.1,21.3,65.7,2.4,5.9,0.964
Toledo,79.1,9.5,29.5,62.2,1.108,0.976,0.984,53.0,112.3,35.2,53.1,76.0,6.9,19.5,9.1,27.4,39.6,28.3,73.7,52.8,2.8,5.4,15.1,10.3,1.466,0.758,0.714,71.4,15.2,69.6,-9.5,40.8,47.2,99.2,31.2,47.6,67.4,12.8,10.7,1.201,9.8,23.1,35.5,26.3,71.7,4.7,5.1,0.987
UAB,79.1,11.0,28.9,62.1,1.09,0.938,0.978,52.8,111.8,38.0,50.8,74.0,7.7,20.3,10.0,24.5,37.7,31.8,75.5,53.0,4.0,8.9,12.8,11.6,1.107,0.758,0.444,72.6,16.9,68.1,-11.0,42.3,48.3,103.4,32.9,47.8,70.6,11.3,14.9,0.755,7.9,21.5,33.5,24.5,68.2,3.7,5.5,0.904
Buffalo,78.7,5.1,29.3,64.8,1.068,0.998,0.986,51.6,108.3,34.4,51.6,71.6,8.3,24.1,12.4,26.3,41.9,35.4,73.9,54.7,4.1,6.8,14.7,13.4,1.096,0.607,0.286,73.7,17.4,73.6,-5.1,43.0,48.2,102.8,31.9,48.3,71.0,11.5,11.4,1.003,9.3,22.6,34.7,26.1,64.6,3.5,6.3,0.97
Princeton,78.6,6.6,29.8,61.9,1.11,1.017,0.961,56.7,115.3,38.4,55.9,64.0,10.7,27.8,7.3,25.5,35.3,22.6,78.1,50.6,1.7,5.7,14.9,10.1,1.479,0.75,0.727,70.8,14.0,72.0,-6.6,46.0,51.3,107.4,33.6,51.6,73.4,11.2,10.8,1.036,7.1,25.0,34.5,21.9,77.4,3.0,5.6,0.948
Wake Forest,78.5,8.5,27.9,57.9,1.07,0.954,0.917,55.6,117.0,34.4,58.5,73.0,8.5,24.6,7.8,26.6,36.8,25.8,75.9,52.2,3.9,6.5,15.1,13.9,1.08,0.714,0.556,73.4,16.0,70.1,-8.5,41.3,47.3,101.1,32.2,46.6,70.3,12.3,12.7,0.966,8.5,22.5,33.7,24.1,74.2,2.6,7.9,0.942
Auburn,78.2,11.0,27.7,63.7,1.049,0.901,0.979,49.9,106.8,31.8,51.3,73.1,8.1,25.4,10.5,25.9,40.4,31.5,74.2,52.5,8.0,8.4,14.7,12.1,1.219,0.824,0.5,74.6,18.5,67.2,-11.0,38.6,44.2,97.6,31.0,42.8,73.3,11.2,14.5,0.775,9.0,22.9,36.5,25.8,68.5,3.9,7.5,0.926
Kansas,78.2,11.0,28.6,59.8,1.093,0.94,0.968,53.8,113.3,36.1,53.6,71.7,7.2,19.8,9.8,25.7,37.9,31.6,73.8,53.4,4.3,6.3,15.3,12.1,1.267,0.85,0.8,71.5,15.9,67.3,-11.0,40.6,45.8,98.6,29.8,46.4,71.9,11.8,12.7,0.933,9.1,21.2,33.1,26.2,68.4,3.2,6.5,0.95
Col Charlestn,78.2,1.8,28.0,63.7,1.021,0.998,0.951,50.3,107.2,33.9,49.9,73.0,8.1,23.9,11.9,24.8,40.3,34.7,77.5,54.7,2.8,8.0,13.2,15.6,0.844,0.531,0.529,76.6,20.6,76.4,-1.8,45.2,51.2,110.0,34.1,51.3,72.3,12.6,14.3,0.878,7.2,22.4,33.5,22.5,65.3,5.1,8.0,0.907
N Carolina,77.9,6.6,27.6,61.8,1.074,0.983,0.976,51.5,110.2,35.8,50.1,76.4,8.4,23.5,9.9,28.2,41.3,29.8,80.9,55.8,3.9,5.2,14.9,11.7,1.279,0.744,0.5,72.5,14.5,71.3,-6.6,42.5,48.6,102.4,33.7,47.5,72.5,12.8,9.7,1.317,6.7,23.3,32.7,19.1,70.2,3.6,6.6,0.958
Bowling Grn,77.9,-4.4,27.4,64.4,1.027,1.085,0.975,48.6,105.0,33.1,48.0,74.2,7.9,23.8,10.3,23.8,37.4,28.6,70.7,49.0,3.4,7.2,11.9,12.2,0.972,0.379,0.6,75.8,18.1,82.2,4.4,45.8,53.5,113.4,36.0,53.1,74.7,14.6,12.9,1.137,9.8,25.7,39.0,29.3,71.4,2.7,6.2,0.96
Syracuse,77.4,2.3,27.7,61.5,1.077,1.045,0.972,52.5,110.9,37.7,49.8,73.7,9.1,24.1,8.7,23.2,36.3,27.2,70.0,49.0,3.8,7.0,14.6,10.7,1.362,0.485,0.333,71.8,14.2,75.1,-2.3,42.6,50.6,107.0,33.0,51.6,75.1,18.9,11.7,1.621,10.0,23.3,37.8,30.0,72.8,3.4,6.5,0.976
Santa Clara,77.3,5.4,28.8,59.4,1.062,0.988,0.93,54.5,115.0,37.8,53.5,76.2,7.2,19.1,6.4,26.1,35.5,21.3,75.3,50.4,3.8,6.0,15.1,11.5,1.31,0.636,0.5,72.7,15.0,71.9,-5.4,42.8,48.5,102.8,34.8,46.7,76.2,13.5,11.8,1.147,8.6,23.7,35.0,24.7,78.7,3.2,5.5,0.956
N Colorado,77.1,-0.9,27.3,57.5,1.072,1.084,0.919,56.2,117.0,37.9,55.6,70.6,9.9,26.2,6.3,24.4,33.1,20.9,76.8,49.3,2.7,4.0,11.9,12.1,0.979,0.571,0.722,72.0,17.7,78.0,0.9,46.6,52.8,111.9,38.2,50.6,73.7,11.3,9.8,1.145,7.4,23.9,34.1,23.2,79.1,2.2,6.0,0.966
Belmont,77.1,9.1,28.7,59.1,1.078,0.952,0.928,55.7,116.2,32.8,60.6,73.7,8.4,25.6,6.7,24.2,33.4,22.8,73.4,49.7,4.0,9.0,17.8,11.8,1.499,0.75,0.6,71.5,13.7,68.1,-9.1,42.7,49.4,103.8,33.7,48.7,70.4,13.2,14.7,0.898,8.8,22.7,33.8,26.6,77.2,3.5,6.6,0.917
Baylor,77.0,13.0,28.3,61.3,1.09,0.906,0.982,52.8,110.5,34.3,53.6,69.7,8.1,23.5,11.1,22.7,37.2,34.6,72.8,53.4,3.4,8.8,15.9,12.4,1.287,0.794,0.6,70.7,16.1,64.1,-13.0,42.3,47.8,101.7,30.2,49.2,70.3,13.2,15.9,0.831,8.5,20.9,32.4,27.2,65.4,2.8,6.4,0.896
VA Military,77.0,-0.4,26.4,58.5,1.079,1.085,0.924,55.3,117.0,37.4,54.4,79.6,12.0,32.1,6.4,25.0,34.7,20.8,71.5,48.0,2.6,4.6,15.0,11.8,1.271,0.448,0.333,71.4,15.2,77.4,0.4,42.9,51.1,108.2,34.7,50.2,75.2,13.1,9.9,1.323,9.9,24.4,37.6,28.5,79.2,3.1,6.9,1.0
W Illinois,76.8,-0.8,27.4,63.9,1.027,1.038,0.975,49.6,105.5,33.0,49.8,71.5,8.7,26.3,9.7,24.5,37.2,27.0,79.3,51.1,2.5,6.3,11.2,11.6,0.968,0.467,0.546,74.8,17.8,77.7,0.8,46.7,52.9,113.2,37.4,51.3,77.4,12.6,12.7,0.99,6.4,26.2,35.7,20.7,73.0,3.1,5.4,0.916
Hofstra,76.8,2.4,28.4,61.9,1.068,1.035,0.949,53.4,112.5,33.8,55.6,79.7,9.3,27.6,6.7,23.0,32.4,21.0,74.6,47.7,2.5,7.6,14.9,10.4,1.437,0.633,0.778,71.9,15.5,74.4,-2.4,46.2,54.4,113.8,38.3,52.1,73.6,15.4,14.4,1.069,7.8,25.3,35.6,25.4,79.0,3.0,5.2,0.909
Bryant,76.6,2.6,26.8,62.2,1.019,0.984,0.955,49.6,106.6,30.3,52.8,73.2,8.2,27.0,10.5,26.0,40.4,30.5,71.0,51.2,4.2,6.5,13.3,13.9,0.956,0.677,0.667,75.2,17.0,74.0,-2.6,42.1,47.6,100.5,32.5,47.0,68.9,15.1,12.1,1.248,10.6,23.8,38.5,29.0,69.5,4.4,7.3,0.98
Missouri St,76.5,7.2,27.8,58.2,1.1,0.995,0.952,54.6,116.1,36.4,54.6,79.9,7.9,21.8,7.2,25.4,35.1,24.0,78.6,52.0,3.3,5.3,11.8,10.6,1.115,0.667,0.4,69.6,15.3,69.3,-7.2,42.3,48.8,104.8,33.6,47.8,75.9,10.8,10.7,1.008,6.9,22.8,32.4,21.4,76.0,2.9,5.2,0.945
Fla Gulf Cst,76.5,1.8,27.2,60.5,1.048,1.023,0.943,53.3,111.1,35.1,53.8,68.6,10.0,28.5,9.4,25.2,38.0,28.7,73.2,51.8,4.9,6.4,15.1,13.6,1.11,0.625,0.667,73.0,14.6,74.7,-1.8,44.1,50.5,105.4,33.7,50.5,68.3,14.0,11.3,1.238,9.2,23.4,35.4,26.8,71.3,2.3,6.9,0.971
Furman,76.4,7.6,27.2,59.3,1.119,1.007,0.962,55.6,116.1,37.5,55.0,75.8,11.5,30.6,7.9,22.2,32.8,25.6,73.1,49.4,3.6,8.2,16.9,10.5,1.605,0.636,0.455,68.3,14.7,68.8,-7.6,45.4,51.5,108.4,33.3,52.5,72.9,13.3,12.8,1.038,8.2,23.0,33.5,26.9,74.4,2.9,5.8,0.932
San Francisco,76.3,8.9,27.5,60.6,1.056,0.934,0.953,53.1,110.9,34.3,54.4,69.0,9.3,27.1,9.3,25.3,37.5,28.4,77.9,53.0,4.6,7.7,12.8,12.7,1.007,0.697,0.462,72.3,18.1,67.5,-8.9,42.7,47.1,101.6,28.9,48.7,70.9,10.7,13.0,0.821,7.2,23.5,33.3,22.1,71.6,3.0,6.0,0.919
Murray St,76.3,12.9,27.5,59.7,1.1,0.914,0.987,52.6,110.7,34.5,53.2,69.4,7.8,22.5,10.7,24.5,38.1,33.5,76.6,54.6,3.2,7.7,14.0,11.6,1.209,0.903,1.0,69.3,15.4,63.4,-12.9,42.1,48.1,101.4,29.7,50.5,67.9,10.6,13.8,0.769,7.5,21.2,31.7,23.4,66.5,4.1,5.3,0.908
Cornell,76.3,0.0,26.8,58.8,1.025,1.024,0.913,53.5,112.5,34.1,55.6,70.3,9.3,27.4,7.9,25.8,36.3,24.6,73.0,49.7,2.7,7.5,15.8,14.4,1.099,0.542,0.375,74.4,19.4,76.2,0.0,44.2,51.0,107.5,32.3,52.9,68.5,13.1,13.3,0.991,9.5,24.3,36.7,27.0,75.4,3.0,6.8,0.95
New Orleans,76.0,-0.7,26.9,58.4,0.985,0.995,0.906,49.4,108.4,30.8,50.4,74.0,4.0,13.0,7.2,24.6,35.5,23.1,71.0,48.5,2.6,7.8,12.0,14.5,0.831,0.517,0.5,77.1,19.3,76.7,0.7,43.7,50.1,106.7,32.3,51.1,70.3,15.3,14.9,1.028,10.0,24.0,37.7,29.0,76.9,3.8,7.1,0.936
Arkansas,75.9,7.6,26.3,60.6,1.026,0.923,0.96,48.6,106.6,30.4,50.1,76.0,6.3,20.7,9.3,25.6,37.8,27.7,77.5,52.0,4.1,7.6,13.8,12.2,1.133,0.757,0.6,74.0,16.9,68.3,-7.6,41.2,47.5,102.8,32.4,46.8,73.1,12.5,14.8,0.845,7.4,24.2,34.9,22.5,72.3,3.5,6.6,0.9
S Utah,75.9,3.1,26.9,58.9,1.047,1.005,0.936,52.6,111.2,34.1,53.6,70.6,8.1,23.8,7.7,25.1,36.3,24.5,79.7,52.4,2.4,6.1,11.5,12.3,0.936,0.636,0.667,72.5,16.8,72.8,-3.1,44.8,51.6,109.8,34.4,51.6,76.0,12.5,12.2,1.025,6.4,23.7,33.0,20.3,75.5,3.5,5.6,0.92
SE Louisiana,75.9,-3.3,25.3,57.0,1.021,1.065,0.911,51.8,112.5,34.4,51.9,76.3,8.5,24.6,8.1,21.8,31.9,25.1,67.9,46.3,3.8,7.4,14.1,14.7,0.961,0.5,0.769,74.3,16.9,79.1,3.3,47.4,53.7,112.4,34.0,55.4,71.4,14.4,14.5,0.995,10.3,24.1,36.9,32.1,74.9,3.0,7.5,0.944
SE Missouri,75.7,-2.5,25.6,58.3,1.025,1.059,0.932,51.5,110.5,35.2,50.6,73.0,8.9,25.3,8.0,23.1,33.0,24.5,73.2,48.1,2.4,6.2,14.0,13.1,1.069,0.4,0.5,73.9,20.4,78.2,2.5,45.8,52.4,112.6,34.5,52.8,73.3,13.2,13.2,0.995,8.5,24.8,35.6,26.8,75.5,2.9,6.6,0.935
Nicholls St,75.7,2.3,29.7,64.4,1.02,0.989,0.967,52.1,106.5,32.1,54.5,61.8,7.8,24.3,10.1,24.3,37.2,29.4,71.6,49.5,3.9,7.7,12.8,12.6,1.019,0.586,0.571,74.2,19.0,73.4,-2.3,42.0,48.3,104.6,33.3,47.2,71.7,13.8,14.3,0.964,9.7,24.1,37.9,28.4,70.6,2.7,5.7,0.937
U Mass,75.7,-2.4,25.7,59.4,1.056,1.09,0.959,51.3,110.2,37.1,48.0,75.8,9.5,25.6,8.7,21.8,33.7,27.1,72.3,49.0,2.6,6.5,13.7,11.6,1.178,0.469,0.625,71.6,17.1,78.1,2.4,48.5,55.2,115.7,37.4,54.7,72.8,16.5,12.6,1.313,8.3,23.4,35.1,27.7,72.9,2.7,5.9,0.941
Wright State,75.5,3.2,27.4,59.1,1.061,1.017,0.952,51.7,111.0,33.4,52.5,76.6,6.5,19.3,8.9,22.8,34.3,28.9,72.0,50.6,2.9,5.9,14.0,12.3,1.139,0.6,0.455,71.2,14.7,72.3,-3.2,45.7,51.5,108.3,33.8,51.9,71.5,11.2,12.9,0.868,8.9,21.9,33.5,28.0,71.1,2.9,7.4,0.943
UCLA,75.4,10.9,27.6,61.4,1.087,0.93,1.009,50.5,107.8,35.3,49.4,74.1,6.8,19.2,9.6,23.7,36.6,29.0,77.5,52.5,3.3,7.0,13.9,8.9,1.553,0.771,0.333,69.3,15.8,64.5,-10.9,41.5,47.6,102.1,32.1,47.3,72.6,11.6,13.1,0.883,6.9,23.5,33.2,22.5,71.0,3.2,4.5,0.91
E Kentucky,75.3,-1.4,26.9,67.1,1.008,1.026,0.987,48.3,101.8,33.9,46.0,71.8,11.0,32.6,10.4,21.3,34.9,26.9,69.7,46.1,3.6,9.3,14.5,11.4,1.269,0.333,0.25,74.7,16.6,76.7,1.4,47.7,54.6,113.9,34.4,56.5,71.3,16.3,16.4,0.995,9.3,28.4,40.8,30.3,73.1,3.6,5.7,0.905
E Washingtn,75.2,-0.1,26.0,57.6,1.036,1.037,0.919,52.8,112.9,35.9,51.9,75.6,8.9,24.7,7.3,25.1,35.3,23.4,76.1,50.6,2.8,5.3,15.2,13.1,1.16,0.5,0.539,72.6,18.7,75.3,0.1,43.5,50.4,108.4,33.6,50.4,75.7,12.4,11.1,1.121,7.9,23.8,34.5,23.9,76.6,2.7,6.0,0.956
Iona,75.2,6.6,26.4,59.2,1.04,0.949,0.963,50.7,108.0,33.2,51.1,69.3,7.1,21.3,10.0,24.3,37.0,30.1,72.8,51.2,6.0,6.5,16.1,12.7,1.273,0.758,0.6,72.3,18.2,68.6,-6.6,41.6,46.6,100.9,30.2,47.2,70.6,11.5,13.4,0.86,9.1,23.2,35.3,27.2,69.9,3.2,7.1,0.94
Weber State,75.2,3.5,26.0,55.5,1.049,1.001,0.919,53.5,114.9,34.6,54.5,75.4,7.4,21.4,5.7,23.9,31.2,18.9,76.1,48.1,2.5,7.4,10.5,11.6,0.908,0.613,0.333,71.6,15.8,71.7,-3.5,44.9,52.3,110.1,38.1,49.2,72.8,13.2,14.4,0.917,7.5,24.6,33.7,23.9,81.1,1.8,5.2,0.904
Memphis,75.2,6.8,26.9,57.4,1.034,0.94,0.932,52.3,111.0,35.5,51.9,69.4,6.2,17.5,11.0,24.3,38.8,35.8,71.1,54.3,5.5,8.4,15.8,16.0,0.991,0.667,0.25,72.7,18.8,68.3,-6.8,39.7,46.6,100.4,32.0,45.5,69.4,13.3,14.5,0.914,9.9,19.8,32.7,28.9,64.2,3.5,9.2,0.936
Colgate,75.0,7.4,27.3,57.9,1.085,0.978,0.945,55.6,115.1,40.3,52.1,69.5,9.8,24.3,7.7,25.8,36.0,25.0,77.2,51.8,3.5,6.1,16.9,11.5,1.473,0.647,0.143,69.1,14.6,67.6,-7.4,42.9,48.9,102.4,33.7,48.0,67.3,13.7,10.8,1.264,7.6,23.0,33.5,22.8,75.0,2.9,6.5,0.953
Montana St,75.0,5.3,25.6,54.7,1.054,0.98,0.918,53.6,115.3,36.6,52.8,75.1,7.3,19.9,7.1,24.3,34.3,25.0,79.2,52.5,3.7,5.1,12.4,13.0,0.958,0.758,0.714,71.1,18.4,69.7,-5.3,43.2,49.1,107.1,33.2,48.8,75.5,9.7,12.7,0.766,6.4,21.4,31.0,20.8,75.0,2.9,6.5,0.911
Cleveland St,74.9,3.9,27.3,57.3,1.047,0.993,0.945,53.2,111.5,32.6,55.3,67.3,6.3,19.3,9.8,22.7,34.9,32.3,70.5,51.6,3.3,8.4,16.5,13.8,1.201,0.621,0.5,71.5,18.9,71.0,-3.9,42.4,49.4,107.4,32.3,50.0,76.3,13.2,15.3,0.862,9.5,20.6,32.8,29.5,67.7,3.8,7.8,0.919
Houston,74.8,16.1,27.7,59.7,1.109,0.871,1.016,53.1,110.3,33.8,54.5,66.7,7.8,23.2,12.2,24.2,39.0,37.6,76.2,54.9,5.2,8.0,16.2,11.1,1.459,0.842,0.5,67.5,17.2,58.8,-16.1,37.1,43.3,95.7,28.8,43.4,71.7,10.8,14.2,0.76,7.6,20.2,32.0,23.8,62.4,2.3,5.9,0.901
Connecticut,74.8,9.5,26.7,61.2,1.07,0.934,1.004,49.6,106.7,35.2,48.0,75.3,7.4,21.1,12.0,24.9,40.4,36.6,75.2,55.1,6.4,5.9,14.0,11.8,1.193,0.697,0.3,69.9,16.8,65.3,-9.5,40.3,46.0,98.9,35.3,42.6,68.7,10.3,12.2,0.839,8.2,20.9,32.9,24.8,63.4,3.3,6.3,0.942
Saint Louis,74.7,6.4,26.7,59.2,1.046,0.956,0.953,50.6,109.2,36.1,49.1,76.1,6.5,18.1,9.8,25.3,38.4,31.6,75.7,54.1,3.0,6.2,14.4,13.1,1.097,0.647,0.455,71.4,17.9,68.3,-6.4,42.4,48.2,102.4,32.3,48.0,67.3,11.7,12.6,0.93,8.1,21.2,32.6,24.3,68.4,4.6,7.0,0.938
Vermont,74.6,13.5,27.4,55.7,1.123,0.919,0.942,57.1,119.0,36.8,58.6,74.1,8.8,24.0,5.8,26.1,34.7,20.9,82.6,54.3,2.4,5.1,15.0,9.6,1.562,0.818,0.429,66.5,14.2,61.1,-13.5,41.2,47.7,100.4,34.4,45.3,69.1,9.9,11.0,0.898,5.5,21.8,29.2,17.4,79.1,2.8,4.8,0.917
Davidson,74.6,8.5,26.2,54.9,1.115,0.988,0.949,55.7,117.7,38.5,54.2,75.4,8.7,22.6,6.3,24.9,33.6,21.9,79.0,51.8,2.6,4.6,14.4,9.7,1.477,0.788,0.636,66.9,14.9,66.1,-8.5,42.2,49.5,105.7,33.6,48.9,73.9,12.0,11.0,1.091,6.6,22.5,31.2,21.0,78.1,2.3,5.0,0.934
Illinois,74.4,7.2,26.2,58.3,1.064,0.961,0.964,52.5,110.8,35.9,51.4,70.6,8.9,24.9,9.8,25.4,38.5,31.2,75.2,53.8,3.0,5.2,15.2,12.4,1.228,0.697,0.636,70.0,16.3,67.2,-7.2,41.3,46.0,98.9,32.0,45.2,71.5,10.2,10.6,0.96,8.4,21.6,33.0,24.8,68.8,2.9,6.6,0.968
Xavier,74.1,4.9,26.5,58.7,1.036,0.968,0.961,50.9,108.2,32.2,52.2,69.8,6.7,20.9,8.9,25.4,37.1,27.3,76.1,51.9,4.3,7.5,14.8,11.7,1.269,0.639,0.636,71.5,15.4,69.2,-4.9,42.4,48.3,103.2,32.2,48.3,74.6,12.3,12.7,0.969,8.0,23.6,34.4,23.9,72.7,3.5,6.8,0.934
Marquette,74.0,2.4,26.9,59.8,1.003,0.971,0.915,52.1,110.0,34.4,52.6,74.1,8.6,25.0,6.1,25.4,34.8,19.4,70.1,46.9,5.2,7.8,16.0,12.4,1.29,0.594,0.714,73.8,17.4,71.6,-2.4,41.2,47.0,100.6,32.0,46.4,70.3,14.5,13.7,1.06,10.8,25.4,39.4,29.9,80.6,3.2,7.0,0.961
W Kentucky,74.0,3.1,26.7,57.9,1.028,0.986,0.928,52.7,111.3,35.9,52.0,71.6,7.6,21.1,7.2,24.0,34.5,23.3,71.9,48.3,5.6,8.1,13.2,12.4,1.065,0.567,0.25,71.9,11.3,70.9,-3.1,42.9,50.6,104.8,35.5,48.5,72.2,16.0,13.9,1.151,9.4,23.6,36.9,28.1,76.7,3.0,6.7,0.937
Ball State,74.0,-3.4,25.2,57.2,1.007,1.054,0.921,51.3,109.4,35.7,49.8,69.6,8.4,23.6,8.2,24.3,35.5,25.4,73.8,49.4,2.4,6.0,13.0,14.1,0.922,0.433,0.667,73.4,18.2,77.4,3.4,44.6,52.4,111.0,36.3,50.8,71.8,13.5,12.3,1.097,8.6,24.2,36.4,26.2,74.6,2.9,7.5,0.95
Miami (FL),73.9,3.6,27.3,57.7,1.066,1.014,0.95,53.3,112.7,33.9,54.8,74.2,6.9,20.5,6.1,21.9,30.6,20.0,71.3,46.4,3.2,8.9,14.1,9.5,1.486,0.703,0.625,69.4,14.9,70.4,-3.6,45.9,52.5,109.1,34.5,53.0,67.9,15.2,13.9,1.091,8.8,24.2,35.4,28.7,80.0,3.4,5.1,0.926
Citadel,73.9,-4.8,25.8,59.4,1.007,1.073,0.933,52.0,108.8,34.8,51.7,68.0,10.3,29.5,7.4,25.2,35.7,21.9,72.4,47.5,3.5,4.5,15.2,12.3,1.232,0.357,0.455,73.4,15.5,78.7,4.8,44.0,50.4,106.9,33.0,50.9,74.3,14.3,9.9,1.435,9.6,26.5,39.4,27.6,78.1,2.8,6.9,0.996
Abl Christian,73.9,4.3,24.9,58.6,1.005,0.946,0.945,48.4,106.3,32.2,48.4,74.9,6.8,21.3,8.7,20.1,31.2,25.7,71.2,46.7,1.8,10.3,14.2,12.7,1.115,0.656,0.636,73.5,22.4,69.5,-4.3,45.0,51.9,113.0,34.6,52.0,72.1,11.6,20.1,0.578,8.2,25.1,35.5,28.8,74.3,3.9,5.4,0.837
BYU,73.8,4.8,27.2,59.9,1.035,0.967,0.946,51.8,109.2,34.6,51.9,72.3,7.7,22.4,8.9,27.1,39.5,28.3,79.3,54.8,3.2,4.7,14.3,12.8,1.113,0.667,0.429,71.4,17.8,69.0,-4.8,42.0,47.7,101.7,30.5,48.9,68.6,12.0,10.5,1.151,7.1,22.6,32.5,20.7,71.7,3.0,6.3,0.953
S Methodist,73.8,6.7,25.1,56.9,1.033,0.939,0.939,51.5,110.9,35.4,50.4,75.0,8.5,24.0,7.9,26.5,37.8,25.2,72.1,50.5,4.3,6.3,13.8,12.3,1.123,0.727,0.75,71.5,15.2,67.1,-6.7,39.5,44.6,95.3,29.8,44.5,69.6,13.1,11.8,1.108,10.3,23.6,37.1,27.9,74.8,4.1,7.1,0.978
N Iowa,73.8,2.4,25.3,55.8,1.052,1.018,0.915,53.0,114.2,35.1,53.3,79.0,8.5,24.3,5.2,23.9,32.5,17.8,79.2,49.8,1.4,5.8,11.3,11.2,1.014,0.613,0.5,70.2,13.9,71.5,-2.4,45.3,53.9,112.2,35.6,54.4,72.8,13.3,12.4,1.07,6.3,24.1,32.8,20.8,82.2,2.4,6.4,0.913
LIU,73.8,-0.6,26.5,62.8,0.986,0.994,0.964,48.4,102.7,31.0,49.6,68.1,7.8,25.1,10.9,25.5,39.0,30.2,71.9,50.4,4.7,7.3,16.3,13.6,1.2,0.517,0.556,74.8,17.0,74.3,0.6,41.9,48.5,103.9,32.0,48.8,72.3,13.4,13.4,1.0,10.0,25.1,38.4,28.1,69.8,2.8,7.1,0.954
Miami (OH),73.8,-2.2,26.6,61.7,1.039,1.07,0.966,50.3,107.4,34.3,49.5,80.0,9.0,26.2,8.0,22.4,33.4,23.9,71.8,47.3,3.0,5.6,13.1,10.4,1.262,0.379,0.444,71.0,16.5,76.0,2.2,46.1,53.5,112.9,36.7,52.5,72.6,13.8,12.4,1.108,8.8,25.5,37.2,28.2,76.1,3.2,6.1,0.949
Illinois St,73.7,-1.5,26.1,58.0,1.017,1.038,0.917,51.8,110.6,36.9,49.7,75.1,7.9,21.5,7.8,23.5,34.6,25.6,72.8,49.8,4.5,6.7,12.2,13.8,0.881,0.355,0.417,72.5,17.9,75.2,1.5,44.5,50.9,109.3,34.3,50.6,75.3,13.3,12.3,1.087,8.7,22.7,34.9,27.2,74.4,2.5,7.2,0.951
South Dakota,73.7,1.2,26.0,56.8,1.071,1.054,0.961,52.0,111.7,37.3,50.0,75.4,7.1,18.9,7.6,23.6,33.9,24.8,78.9,52.1,2.1,4.2,11.3,10.3,1.104,0.586,0.667,68.8,18.1,72.5,-1.2,45.9,52.7,111.9,36.2,51.7,72.3,9.9,10.5,0.938,6.3,23.1,31.1,21.1,75.2,2.3,4.8,0.939
LA Tech,73.7,5.1,26.2,58.3,1.037,0.965,0.942,51.9,110.2,34.0,52.5,72.8,8.1,23.9,7.6,24.6,35.3,23.8,73.5,49.4,2.0,6.4,13.1,11.7,1.113,0.677,0.778,71.0,15.1,68.5,-5.1,41.9,48.2,103.1,33.0,47.4,72.8,12.3,13.5,0.914,8.9,24.5,36.2,26.5,76.2,3.2,6.4,0.936
New Mexico,73.7,-3.1,25.6,59.8,1.005,1.047,0.94,49.4,106.6,34.3,48.1,74.8,7.8,22.6,7.1,22.9,33.5,21.3,72.2,46.8,4.2,6.0,11.4,11.6,0.986,0.367,0.286,73.3,18.7,76.7,3.1,46.3,52.0,111.3,32.8,53.5,73.3,14.3,12.9,1.106,8.8,26.4,38.1,27.8,78.7,3.1,5.9,0.944
Winthrop,73.7,2.1,25.7,53.1,1.04,1.011,0.885,56.4,117.8,37.0,57.0,69.5,8.4,22.6,6.6,23.8,32.8,23.8,73.8,50.5,2.6,6.3,12.8,14.8,0.869,0.69,0.818,70.8,18.0,71.6,-2.1,43.8,51.0,108.5,35.9,49.1,70.9,11.1,13.4,0.826,8.4,21.2,32.2,26.2,76.2,2.5,7.3,0.929
Middle Tenn,73.6,5.7,25.4,57.2,1.036,0.957,0.936,51.4,110.7,33.1,52.7,75.6,8.1,24.4,8.5,23.8,35.3,28.1,73.6,50.8,4.1,7.7,12.3,13.1,0.937,0.686,0.333,71.1,18.7,68.0,-5.7,41.5,47.2,103.8,31.0,47.6,74.8,10.3,14.1,0.728,8.5,21.9,34.1,26.4,71.9,3.4,6.5,0.922
Ohio,73.6,5.7,25.5,59.3,1.048,0.967,0.97,50.6,108.0,33.7,50.7,72.6,9.0,26.8,8.5,23.2,34.1,25.2,76.0,49.3,2.6,7.4,12.5,10.6,1.177,0.706,0.4,70.3,14.6,67.9,-5.7,44.2,50.0,107.1,31.2,51.9,76.2,11.3,14.1,0.804,7.3,25.2,35.1,24.0,74.8,3.3,5.7,0.904
Howard,73.6,1.8,24.8,57.5,0.989,0.965,0.902,50.4,109.2,36.2,47.8,74.7,8.3,23.0,7.7,21.3,32.9,24.6,66.6,46.9,3.4,7.5,13.6,15.0,0.903,0.5,0.273,74.5,18.3,71.8,-1.8,43.7,49.4,106.0,34.0,48.6,71.7,12.2,17.1,0.716,10.7,23.7,37.3,33.4,75.4,3.4,7.2,0.914
TX A&M-CC,73.5,2.3,25.3,60.0,0.997,0.965,0.958,47.2,103.8,31.8,46.9,74.3,6.0,18.8,11.1,23.3,37.5,32.3,73.0,51.9,1.6,8.2,13.6,14.2,0.961,0.613,0.8,73.8,21.2,71.2,-2.3,42.3,49.0,108.1,31.5,50.3,75.4,12.4,16.3,0.759,8.6,23.2,34.8,27.0,67.7,4.2,6.5,0.896
Seattle,73.5,6.1,25.2,61.9,0.998,0.916,0.955,48.3,104.5,33.1,47.2,76.4,9.4,28.4,8.5,25.5,37.2,23.9,76.1,49.6,3.7,7.0,13.0,11.8,1.108,0.7,0.667,73.7,20.9,67.5,-6.1,40.6,46.4,100.8,31.3,46.1,67.6,11.6,14.8,0.782,8.0,26.9,37.7,23.9,76.1,3.5,5.7,0.908
Fla Atlantic,73.5,4.5,26.5,57.9,1.047,0.984,0.939,53.2,111.8,35.1,53.6,71.8,8.5,24.3,9.2,23.7,35.5,30.0,76.0,52.7,3.0,7.0,13.1,13.5,0.971,0.516,0.125,70.2,17.2,69.1,-4.5,44.5,50.7,107.2,36.9,48.3,69.2,10.7,13.4,0.802,7.5,21.4,32.0,24.0,70.0,3.0,6.3,0.916
Tennessee,73.5,10.5,26.1,60.2,1.039,0.891,0.971,50.7,107.3,36.0,48.5,71.5,8.7,24.2,10.2,23.8,36.9,31.1,75.4,52.2,4.3,9.3,16.5,12.3,1.343,0.771,0.5,70.7,16.9,62.9,-10.5,40.3,46.4,100.2,31.3,46.0,71.1,11.5,15.8,0.724,7.8,22.7,33.7,24.6,68.9,2.8,6.6,0.886
McNeese St,73.4,-6.7,26.2,60.4,0.965,1.053,0.927,48.6,103.3,30.6,49.9,65.4,6.2,20.2,10.9,24.2,38.3,31.1,72.1,51.7,3.2,6.6,11.1,16.4,0.676,0.241,0.222,76.1,21.0,80.2,6.7,46.1,52.0,111.9,34.7,52.0,72.8,14.2,13.2,1.07,9.4,24.1,35.9,27.9,68.9,3.2,8.4,0.949
Maryland BC,73.4,0.5,25.2,56.7,1.046,1.039,0.928,52.6,112.8,38.3,48.9,78.2,9.3,24.2,6.1,23.4,32.1,19.7,73.5,47.1,2.0,4.7,12.3,11.1,1.107,0.548,0.75,70.2,13.6,72.9,-0.5,46.3,52.8,108.3,35.2,52.7,65.6,13.2,11.4,1.156,8.5,24.8,36.1,26.5,80.3,2.4,5.7,0.958
Wagner,73.3,7.9,27.2,59.6,1.034,0.922,0.967,49.9,106.7,28.5,53.0,72.1,5.1,17.9,10.2,23.6,36.8,32.4,74.6,52.8,2.7,8.2,14.2,12.5,1.132,0.769,0.8,70.9,19.8,65.4,-7.9,42.3,48.1,103.2,29.7,50.4,66.7,11.7,15.5,0.756,8.0,21.2,32.9,25.4,67.6,3.1,6.3,0.895
DePaul,73.3,1.1,26.3,60.7,1.016,1.001,0.974,48.8,104.1,31.7,49.4,69.3,6.6,20.8,10.4,25.3,38.5,30.3,73.5,51.6,5.0,6.2,11.4,12.3,0.932,0.484,0.462,72.2,15.7,72.2,-1.1,42.8,48.8,104.2,33.7,47.8,74.9,12.7,11.8,1.076,9.1,23.9,36.2,26.5,69.7,3.5,6.4,0.962
Nebraska,73.3,-5.3,26.0,58.6,0.983,1.054,0.915,50.3,108.0,32.0,51.8,73.1,7.0,21.9,6.3,24.6,33.1,18.8,70.0,45.2,2.7,7.2,12.8,12.6,1.015,0.313,0.2,74.5,17.4,78.5,5.3,44.5,51.5,109.0,34.7,51.2,72.3,14.3,13.4,1.065,10.6,27.0,40.1,30.0,81.2,3.8,7.1,0.962
Drake,73.3,6.3,27.1,59.3,1.068,0.976,0.977,51.4,109.4,33.1,52.3,76.0,6.6,20.1,9.1,23.3,34.6,28.9,75.9,51.9,3.1,6.9,11.6,10.7,1.088,0.677,0.539,68.6,17.1,67.0,-6.3,43.1,49.3,106.4,33.1,49.1,73.5,10.2,13.1,0.778,7.4,22.5,32.1,24.1,71.1,3.0,5.4,0.917
Samford,73.2,-1.2,26.2,58.7,1.025,1.043,0.938,51.8,109.5,33.1,53.4,72.8,8.4,25.3,9.1,23.2,35.1,29.2,73.0,50.8,3.0,6.7,12.3,13.5,0.908,0.621,0.714,71.4,17.6,74.4,1.2,44.0,52.1,110.1,34.5,52.6,70.6,15.6,12.5,1.246,8.6,22.0,34.0,27.0,70.8,2.1,7.7,0.945
Tulane,73.1,1.4,25.3,57.3,1.022,1.002,0.933,51.2,110.2,36.5,49.0,75.6,8.1,22.1,5.7,23.2,31.6,18.0,69.1,44.7,3.3,7.9,13.5,10.5,1.285,0.483,0.417,71.6,16.1,71.7,-1.4,41.9,49.6,105.2,34.1,48.3,71.2,16.4,14.3,1.15,10.4,26.1,39.2,30.9,82.0,4.4,5.2,0.946
N Dakota St,73.1,3.1,25.7,56.7,1.043,0.999,0.936,51.8,111.4,35.3,51.1,76.0,7.4,20.9,7.2,27.5,36.9,23.2,78.8,52.4,3.3,3.6,10.6,11.7,0.904,0.677,0.6,70.1,16.1,70.1,-3.1,42.3,47.6,101.9,32.4,47.0,74.8,10.0,8.7,1.14,7.4,24.0,33.5,21.2,76.8,2.3,5.6,0.981
Longwood,73.1,5.8,25.2,56.8,1.057,0.974,0.956,51.5,110.1,38.4,47.9,72.6,8.1,21.2,9.4,22.2,35.3,30.7,77.1,53.6,1.9,7.5,13.4,12.4,1.081,0.759,0.875,69.1,15.6,67.3,-5.8,44.4,51.4,108.8,32.1,53.9,74.0,12.5,13.5,0.923,6.6,21.1,30.7,22.9,69.3,4.0,5.8,0.9
NC State,73.0,-2.6,25.8,62.4,1.028,1.065,0.997,47.9,102.8,34.1,45.9,72.5,8.3,24.5,9.8,21.8,34.8,27.6,71.0,48.1,3.7,7.0,11.3,10.0,1.128,0.344,0.375,71.0,16.5,75.6,2.6,47.2,53.4,112.9,35.9,53.2,74.3,14.6,12.7,1.15,8.9,25.7,37.6,29.0,72.4,4.2,5.6,0.947
Marshall,73.0,-4.7,27.4,62.9,0.979,1.042,0.944,49.4,104.0,30.1,52.1,70.9,7.4,24.6,9.0,23.3,36.1,25.6,74.3,48.8,4.4,6.4,13.7,13.2,1.044,0.323,0.333,74.5,15.9,77.7,4.7,46.0,52.0,111.2,35.3,51.6,78.1,13.1,13.0,1.007,8.1,26.1,37.8,25.7,74.4,2.6,7.6,0.934
Colorado St,72.9,6.7,26.3,55.0,1.085,0.985,0.939,54.8,116.1,35.6,55.7,77.3,7.8,21.8,6.0,23.7,31.6,20.9,76.3,49.5,3.0,6.3,14.2,10.1,1.403,0.8,0.857,67.2,15.1,66.2,-6.7,42.9,50.1,105.7,32.6,51.0,71.7,12.1,12.3,0.989,7.3,22.8,32.2,23.7,79.1,2.9,5.5,0.927
Towson,72.9,8.6,25.6,57.1,1.075,0.948,0.977,51.6,109.9,35.7,50.4,71.9,7.8,21.9,10.3,23.0,36.5,33.6,75.2,54.5,2.7,7.3,13.5,11.9,1.134,0.735,0.5,67.8,17.4,64.3,-8.6,41.4,47.9,103.1,31.5,48.4,71.7,10.3,12.9,0.799,7.6,20.3,30.4,24.8,66.4,3.1,4.7,0.921
Utah State,72.8,5.9,26.7,56.5,1.051,0.967,0.926,54.1,113.5,34.1,56.1,72.1,7.7,22.7,7.4,25.7,35.2,24.8,79.1,52.7,2.1,6.2,17.7,12.5,1.413,0.515,0.2,69.3,16.5,67.0,-5.9,43.0,49.6,105.3,33.9,48.8,70.8,13.4,12.5,1.07,6.8,22.5,31.6,20.9,75.2,3.1,6.3,0.918
Ohio State,72.8,5.1,25.6,54.4,1.084,1.008,0.95,54.3,115.5,36.5,54.0,75.7,7.8,21.5,7.8,24.3,34.6,27.8,74.4,52.0,4.8,4.5,12.5,11.2,1.117,0.625,0.556,67.2,16.4,67.7,-5.1,41.5,47.6,102.3,33.8,45.8,73.1,11.5,10.2,1.135,8.4,20.3,32.0,25.6,72.2,2.5,6.2,0.973
Delaware,72.8,2.1,25.7,54.9,1.05,1.019,0.927,53.4,113.8,34.5,54.4,74.4,7.2,21.0,7.4,21.9,31.9,25.4,70.4,48.7,3.7,6.5,12.3,12.5,0.988,0.618,0.6,69.3,15.8,70.6,-2.1,43.3,49.6,106.7,35.4,47.7,76.0,11.4,12.6,0.911,9.2,21.8,33.6,29.6,74.6,2.7,6.5,0.952
Ste F Austin,72.8,4.0,26.5,57.2,0.995,0.94,0.916,51.3,108.4,31.9,52.8,67.6,5.6,17.7,9.7,22.0,35.0,32.2,71.2,51.2,3.9,8.7,14.1,15.9,0.892,0.643,1.0,73.1,19.9,68.7,-4.0,43.0,49.2,106.5,31.9,50.1,72.1,12.9,17.4,0.743,8.9,20.5,33.4,28.8,67.8,3.5,6.9,0.884
St. Thomas (MN),72.7,-5.6,25.8,59.4,1.069,1.151,0.963,52.0,109.9,34.4,52.5,77.1,10.2,29.6,6.0,19.6,28.3,18.6,73.2,44.4,1.1,4.8,11.5,8.4,1.36,0.259,0.0,68.0,17.4,78.2,5.6,50.8,58.9,122.7,40.1,58.0,73.8,13.4,10.8,1.236,7.2,26.1,35.4,26.8,81.4,3.1,3.5,0.947
Michigan,72.6,3.2,26.9,57.6,1.058,1.011,0.956,52.1,110.8,33.9,52.7,74.6,6.3,18.5,8.6,24.3,35.7,29.0,77.5,54.1,3.3,4.7,14.1,11.6,1.215,0.559,0.6,68.7,15.2,69.4,-3.2,44.1,49.7,105.5,32.4,50.4,73.4,11.1,9.9,1.115,7.1,21.1,30.3,22.5,71.0,3.2,5.4,0.958
LSU,72.6,9.1,25.9,59.0,1.001,0.875,0.943,49.3,106.2,31.6,50.4,73.1,6.5,20.5,10.5,23.4,37.0,32.4,70.9,51.5,4.3,11.0,12.7,14.7,0.864,0.647,0.4,72.5,19.1,63.4,-9.1,38.6,45.1,98.6,28.2,47.6,69.0,11.4,17.8,0.643,9.6,22.0,34.8,29.1,67.6,3.4,7.2,0.887
Rice,72.5,-1.5,25.6,56.6,1.027,1.049,0.92,52.9,111.6,36.2,51.9,71.7,8.6,23.9,7.1,25.3,35.0,23.2,73.6,50.1,1.8,4.9,14.8,12.7,1.165,0.452,0.417,70.6,14.1,74.1,1.5,45.0,50.8,106.1,32.9,51.6,71.6,13.8,9.9,1.402,9.1,23.5,34.8,26.4,76.8,3.4,7.1,0.989
Chattanooga,72.5,7.1,26.5,58.1,1.073,0.968,0.968,52.2,110.6,33.9,53.0,75.9,7.6,22.5,9.0,23.2,35.4,31.0,76.1,53.4,2.1,7.1,12.2,11.2,1.095,0.758,0.636,67.6,16.0,65.4,-7.1,43.3,49.4,104.2,30.3,52.1,69.2,11.0,12.0,0.919,7.3,20.1,30.9,23.9,69.0,3.5,5.7,0.93
Stony Brook,72.5,-1.2,26.0,59.7,1.032,1.049,0.962,50.3,107.4,34.0,49.9,75.2,8.1,23.9,8.0,23.0,34.7,24.5,71.6,48.7,2.9,6.5,10.8,10.7,1.013,0.567,0.556,70.2,14.5,73.7,1.2,45.8,52.6,109.2,33.6,54.1,68.4,14.1,12.0,1.178,9.1,24.7,36.5,28.4,75.5,2.9,5.9,0.959
Portland,72.4,-0.6,24.8,57.3,1.0,1.008,0.918,50.0,109.2,35.0,48.4,79.7,7.7,22.0,7.2,25.1,34.9,22.2,73.7,48.9,2.6,4.8,14.0,13.1,1.069,0.531,0.556,72.4,16.4,73.0,0.6,42.7,49.7,105.5,34.4,48.3,73.7,12.5,12.3,1.018,8.9,25.1,36.5,26.3,77.8,2.6,6.2,0.953
Lg Beach St,72.4,-1.0,25.0,57.9,0.991,1.004,0.932,48.8,106.0,34.9,47.1,72.5,6.4,18.3,7.9,22.7,34.3,24.6,74.0,49.5,2.9,6.9,12.1,12.8,0.942,0.581,0.429,73.1,16.6,73.4,1.0,45.1,52.1,110.2,35.5,51.3,74.3,14.2,14.3,0.995,8.0,24.2,34.9,26.0,75.4,2.9,6.0,0.914
Northwestern,72.4,1.8,26.4,62.3,1.011,0.986,0.974,49.0,103.8,34.6,47.3,71.9,8.3,24.1,8.0,23.7,35.2,23.2,77.9,49.0,3.3,6.5,15.5,9.8,1.58,0.467,0.375,71.6,17.6,70.6,-1.8,43.2,50.8,108.8,36.8,47.7,72.5,14.7,13.5,1.092,6.7,26.4,36.6,22.1,76.8,3.6,5.1,0.906
USC,72.4,6.4,26.8,58.9,1.037,0.945,0.968,51.2,107.2,35.7,50.1,66.4,6.8,18.9,9.9,26.9,40.1,31.1,76.0,54.3,4.4,5.0,14.3,12.2,1.169,0.765,0.833,69.8,15.6,66.0,-6.4,39.0,44.7,96.3,33.1,42.1,71.5,11.9,9.8,1.213,8.5,22.1,33.7,24.0,68.9,3.4,6.6,0.981
Loyola-Chi,72.3,10.5,25.7,54.2,1.065,0.911,0.918,55.6,116.1,37.6,54.9,71.1,8.8,23.5,6.8,24.4,33.7,23.9,78.8,51.7,2.4,6.8,14.7,12.3,1.193,0.75,0.8,67.9,17.5,61.9,-10.5,41.0,46.9,101.2,30.9,47.3,73.6,9.2,13.4,0.687,6.6,21.5,31.5,21.2,76.1,3.5,5.8,0.9
Oregon,72.3,2.0,26.6,59.0,1.025,0.997,0.957,51.1,107.4,33.5,51.6,68.1,7.1,21.1,8.8,23.1,34.9,27.4,71.3,49.6,3.4,6.8,12.0,11.8,1.015,0.559,0.5,70.6,16.7,70.3,-2.0,43.6,49.6,105.3,32.4,50.2,70.7,12.8,13.2,0.969,9.3,23.2,35.5,28.7,72.6,2.7,5.8,0.944
Oakland,72.3,2.5,24.8,57.8,1.029,0.993,0.954,49.2,107.7,29.8,52.4,78.8,7.2,24.2,9.2,22.0,34.0,29.0,67.8,48.9,2.4,8.6,12.7,12.4,1.021,0.6,0.667,70.3,14.1,69.8,-2.5,43.6,50.2,104.8,31.0,52.9,70.5,16.7,14.1,1.182,10.5,22.6,35.6,32.2,71.0,3.2,6.2,0.948
Michigan St,72.3,3.2,26.1,57.2,1.039,0.992,0.941,52.0,110.6,37.8,49.6,75.0,7.3,19.3,8.6,25.0,36.9,28.7,75.6,53.0,5.0,5.7,15.7,12.8,1.231,0.639,0.583,69.6,16.9,69.0,-3.2,42.1,48.1,102.4,31.6,48.5,70.8,12.9,10.4,1.241,8.1,21.4,32.8,24.4,71.3,3.4,6.3,0.967
James Mad,72.1,-3.0,26.2,58.3,1.01,1.052,0.937,51.1,108.1,34.2,50.9,70.5,7.1,20.7,8.0,21.5,32.3,24.7,68.8,47.1,2.0,7.8,12.1,12.5,0.967,0.482,0.692,71.4,16.7,75.1,3.0,45.4,53.3,112.4,33.7,55.7,74.5,15.9,14.5,1.095,9.7,24.3,36.2,31.2,75.3,2.9,6.3,0.934
Texas Tech,72.1,11.4,26.2,55.5,1.035,0.871,0.936,52.6,111.2,32.1,54.9,69.8,6.1,18.9,9.1,24.3,36.4,31.5,76.9,54.6,3.5,8.0,13.7,13.5,1.014,0.73,0.4,69.6,16.2,60.6,-11.4,38.6,45.8,98.6,31.5,44.5,69.0,11.1,15.8,0.699,7.3,19.6,30.3,23.1,68.5,2.7,6.8,0.878
Notre Dame,72.1,4.9,25.8,56.1,1.062,0.99,0.935,54.0,113.7,37.9,51.9,75.4,9.0,23.8,6.0,25.4,33.7,20.1,77.1,50.0,1.8,5.2,14.0,10.4,1.351,0.677,0.75,67.9,12.9,67.2,-4.9,43.4,49.0,102.6,32.0,49.6,69.4,11.7,10.1,1.157,7.6,23.8,33.7,22.9,79.9,3.1,6.0,0.963
U Penn,72.0,-3.4,26.7,59.9,1.012,1.06,0.937,51.3,107.9,33.5,52.1,72.8,8.1,24.1,7.3,24.3,34.5,22.8,74.3,48.8,2.3,5.5,12.6,11.8,1.073,0.429,0.714,71.2,17.3,75.5,3.4,45.5,52.1,109.6,34.7,52.1,71.0,12.2,10.7,1.14,8.4,24.8,36.1,25.7,77.2,3.2,5.9,0.968
Norfolk St,72.0,5.4,25.1,56.0,1.002,0.927,0.926,50.9,108.8,34.0,50.8,69.7,6.9,20.1,8.8,25.9,37.9,28.4,74.6,52.3,3.2,6.0,11.9,14.1,0.843,0.75,0.667,71.9,17.7,66.6,-5.4,39.3,46.0,97.9,29.7,47.1,64.5,12.7,13.0,0.981,8.8,22.1,34.6,25.4,71.6,3.5,5.9,0.942
NC-Asheville,72.0,0.8,24.7,56.2,1.005,0.995,0.927,50.5,108.9,34.1,50.0,73.2,7.3,21.4,7.5,22.0,32.8,24.2,70.1,47.2,4.9,6.3,11.9,12.7,0.932,0.483,0.364,71.7,16.0,71.3,-0.8,45.3,49.9,104.7,29.0,52.9,67.8,12.7,13.2,0.956,9.4,23.5,36.8,29.9,75.8,3.2,6.6,0.946
Texas A&M,71.9,5.5,25.5,57.9,1.012,0.934,0.953,49.6,106.3,32.4,50.1,70.3,6.4,19.7,9.8,21.9,35.2,30.9,68.7,50.2,3.3,9.7,13.2,13.1,1.004,0.667,0.615,71.1,17.8,66.4,-5.5,41.5,47.4,102.6,31.1,47.9,71.9,14.9,16.5,0.905,10.0,21.9,35.0,31.3,69.1,4.8,7.3,0.909
Idaho,71.9,-8.4,24.8,57.2,0.988,1.104,0.912,50.2,108.3,36.7,47.4,74.7,7.8,21.1,6.8,23.6,33.5,20.9,74.8,48.2,2.3,3.5,11.5,13.2,0.869,0.241,0.4,72.7,19.7,80.3,8.4,48.7,54.6,114.3,35.1,55.5,69.7,12.2,10.3,1.177,7.9,25.7,36.0,25.2,79.1,3.6,6.0,0.967
Lipscomb,71.8,-5.1,25.2,55.6,1.005,1.077,0.904,52.3,111.2,34.0,53.2,72.2,7.8,23.0,6.1,26.2,35.0,20.2,73.0,49.2,2.4,4.2,14.8,13.0,1.144,0.367,0.556,71.4,13.5,76.9,5.1,43.8,51.5,107.8,37.5,48.1,72.4,15.0,9.7,1.538,9.7,24.2,36.1,27.0,79.8,4.3,7.2,1.0
Drexel,71.8,1.6,27.0,58.8,1.033,1.01,0.95,52.0,108.9,34.7,52.0,71.1,7.1,20.6,7.7,24.0,34.0,24.9,75.6,50.1,2.9,4.8,12.1,11.2,1.076,0.5,0.333,69.5,15.3,70.1,-1.6,45.1,50.4,106.0,33.4,50.6,70.0,11.0,11.1,0.987,7.7,23.3,34.0,24.4,75.1,2.5,6.6,0.951
Villanova,71.7,9.0,24.3,56.1,1.096,0.958,0.984,51.5,112.0,35.9,49.5,83.0,9.3,26.0,8.8,22.9,34.8,29.4,73.8,51.5,2.2,6.0,11.9,9.9,1.199,0.79,0.714,65.4,14.9,62.7,-9.0,40.8,47.3,100.9,30.8,48.1,73.4,11.3,11.8,0.962,8.2,21.2,32.7,26.2,70.6,3.4,4.7,0.945
Clemson,71.7,3.3,25.8,56.6,1.052,1.004,0.945,52.4,111.0,36.3,51.2,73.6,7.8,21.4,7.3,24.6,34.6,24.2,76.8,51.4,2.3,5.9,14.2,11.0,1.291,0.515,0.273,68.2,15.8,68.5,-3.3,42.6,49.7,106.8,33.3,49.4,76.3,12.1,11.4,1.067,7.4,22.8,32.8,23.2,75.8,3.7,5.4,0.942
Nevada,71.7,-2.4,25.6,57.3,0.997,1.029,0.92,50.6,108.7,33.0,51.3,74.9,6.9,20.8,7.3,24.3,34.0,23.2,76.1,49.6,3.3,6.3,14.4,13.0,1.105,0.4,0.333,71.9,17.6,74.1,2.4,44.5,52.4,110.8,35.9,51.2,72.6,14.6,13.0,1.123,7.6,24.1,34.6,23.9,76.8,2.6,5.9,0.926
NW State,71.7,-10.9,26.8,61.6,0.956,1.101,0.918,49.5,104.1,34.4,48.4,70.2,7.2,21.1,8.6,22.4,34.8,25.5,68.2,47.5,3.3,6.0,14.3,14.8,0.967,0.207,0.167,75.0,17.6,82.6,10.9,47.3,53.2,113.3,34.0,54.4,74.2,14.4,12.6,1.146,10.4,25.2,38.5,31.8,74.5,3.3,8.4,0.972
Liberty,71.7,5.9,24.9,54.0,1.06,0.973,0.911,55.5,117.0,38.1,54.0,76.7,10.2,26.8,5.9,24.9,33.5,20.4,78.7,51.1,1.9,5.0,14.0,12.0,1.17,0.633,0.333,67.6,15.5,65.8,-5.9,41.4,48.3,103.9,34.2,46.3,72.4,10.9,11.4,0.962,6.7,23.1,32.1,21.3,79.6,2.2,6.6,0.931
Houston Bap,71.6,-7.8,24.9,57.5,0.972,1.077,0.917,48.7,105.5,30.5,50.4,71.5,6.2,20.5,8.8,21.8,33.8,27.2,73.7,50.0,2.1,7.7,11.9,14.9,0.799,0.28,0.333,73.7,19.4,79.4,7.8,48.5,55.3,117.8,38.8,53.7,75.2,13.2,13.8,0.959,7.8,23.6,33.8,26.3,72.8,3.3,8.0,0.918
Youngs St,71.6,0.8,25.3,57.1,1.044,1.032,0.955,51.0,109.6,34.1,50.8,77.0,7.5,22.1,8.6,22.5,33.8,28.1,73.2,50.8,2.4,5.1,11.6,11.7,0.995,0.531,0.5,68.6,17.8,70.8,-0.8,44.8,51.0,108.1,34.3,50.7,71.9,12.8,11.5,1.108,8.2,22.0,32.6,26.8,71.9,3.0,5.9,0.952
Kennesaw St,71.6,-1.9,26.1,58.1,1.026,1.053,0.954,51.8,108.0,36.2,50.3,65.9,8.0,22.1,8.7,22.6,34.0,27.6,74.2,50.0,2.6,6.3,13.0,11.9,1.093,0.333,0.333,69.8,17.8,73.5,1.9,45.5,53.1,112.1,36.2,52.1,70.3,14.0,12.4,1.122,7.9,22.9,34.0,25.8,72.4,2.7,5.9,0.934
NC-Wilmgton,71.6,2.2,24.8,58.8,1.034,1.002,0.983,48.1,104.6,32.9,47.4,74.1,7.0,21.3,8.7,21.4,33.0,26.1,69.7,47.3,3.8,7.4,10.4,9.9,1.048,0.735,0.692,69.3,18.4,69.4,-2.2,44.6,50.5,107.2,35.5,49.1,68.8,10.1,13.5,0.747,9.3,24.6,36.8,30.3,73.9,2.9,4.2,0.94
Portland St,71.6,-2.0,25.6,60.9,0.965,0.993,0.943,47.1,102.3,29.7,48.4,74.2,6.1,20.7,8.0,21.2,32.7,23.8,71.0,46.0,3.1,9.0,10.6,12.3,0.86,0.414,0.364,74.2,20.0,73.6,2.0,45.8,52.6,111.7,36.7,51.2,69.4,12.4,16.9,0.737,8.7,25.8,38.4,29.0,76.2,3.3,5.8,0.889
IPFW,71.6,1.1,25.5,56.5,1.007,0.991,0.892,53.1,112.0,36.4,51.9,74.4,9.0,24.8,5.8,21.5,30.3,19.5,74.2,47.3,2.4,8.4,13.5,13.5,1.005,0.613,1.0,71.1,15.4,70.5,-1.1,46.4,53.4,111.8,35.4,53.6,72.3,13.2,15.1,0.876,7.5,24.1,33.6,25.8,80.5,2.9,6.2,0.893
UCSB,71.5,5.8,26.0,53.7,1.044,0.96,0.926,53.5,113.3,33.4,55.0,70.5,5.4,16.1,8.0,23.2,33.2,28.0,75.1,51.6,2.6,6.3,14.8,13.0,1.142,0.577,0.2,68.5,17.4,65.8,-5.8,42.9,48.1,103.8,32.0,48.2,74.0,12.1,13.1,0.924,7.7,20.5,31.2,24.9,72.0,2.5,6.3,0.921
Providence,71.5,5.3,24.5,56.3,1.034,0.957,0.961,50.0,108.0,34.4,49.0,72.8,7.4,21.4,8.8,24.9,37.6,28.2,75.6,52.2,3.7,5.0,13.2,11.4,1.159,0.818,0.786,69.2,16.0,66.2,-5.3,40.9,46.3,98.8,30.0,47.1,69.6,11.2,10.5,1.07,8.0,22.3,34.4,24.4,71.8,3.7,5.8,0.965
Wash State,71.5,6.6,24.5,60.5,1.028,0.933,0.996,47.9,103.4,33.5,46.2,74.4,8.9,26.7,11.0,23.0,37.2,32.5,74.0,51.4,4.5,6.4,11.2,11.2,1.0,0.595,0.182,69.5,17.4,64.9,-6.6,41.5,46.9,101.4,30.6,47.4,73.5,11.2,13.8,0.807,8.1,22.8,35.2,26.0,67.5,3.1,4.9,0.917
Wyoming,71.5,5.8,24.7,54.4,1.045,0.96,0.934,52.3,111.8,32.9,54.4,72.3,7.5,22.7,6.9,26.0,35.6,23.3,77.2,51.9,2.0,3.7,10.7,11.4,0.939,0.727,0.818,68.4,15.3,65.7,-5.8,41.3,47.1,100.3,30.0,48.3,72.2,10.2,10.5,0.974,7.7,22.7,33.0,22.8,76.7,2.7,5.2,0.959
Sacred Hrt,71.4,-4.6,26.3,59.6,1.011,1.076,0.937,50.8,107.2,34.2,50.5,73.1,7.9,23.2,9.1,22.0,35.0,28.6,69.2,49.8,2.1,5.3,14.0,13.6,1.033,0.31,0.333,70.6,15.8,76.0,4.6,46.5,53.2,110.1,35.0,53.6,66.4,15.1,10.9,1.386,9.8,22.8,35.3,30.8,71.4,3.7,7.1,0.984
IL-Chicago,71.3,-2.4,26.3,60.2,1.003,1.037,0.939,51.1,106.9,32.4,53.3,70.8,9.0,27.8,7.7,22.7,33.0,23.7,75.2,48.2,3.9,5.6,14.2,12.0,1.187,0.448,0.75,71.1,17.3,73.7,2.4,46.5,51.6,110.1,37.4,50.0,72.3,11.7,11.8,0.991,7.5,24.8,35.5,24.8,76.3,2.1,6.7,0.94
Yale,71.3,1.2,25.4,57.9,0.989,0.971,0.924,49.7,106.7,32.6,50.1,73.3,6.8,20.8,7.4,25.4,35.9,23.3,75.6,50.0,3.2,6.0,11.9,12.9,0.922,0.6,0.75,72.1,17.7,70.0,-1.2,42.6,48.9,104.1,30.5,51.2,68.9,12.1,12.8,0.943,8.2,24.4,35.9,24.4,76.7,3.6,7.3,0.936
Bucknell,71.2,-8.3,25.6,55.9,1.003,1.119,0.89,52.8,112.1,37.6,50.6,76.5,7.9,21.0,5.7,23.1,31.7,19.1,70.7,47.1,3.1,4.6,14.7,13.5,1.093,0.281,0.5,70.9,15.3,79.4,8.3,46.6,53.8,112.4,37.3,52.4,74.9,15.8,9.6,1.647,9.6,24.1,35.6,29.3,80.9,2.9,8.5,1.0
Colorado,71.1,3.7,24.8,56.0,1.009,0.957,0.925,50.4,109.0,36.6,48.1,75.6,6.9,18.8,8.2,25.4,37.1,27.4,77.5,53.6,3.2,5.5,13.4,13.5,0.987,0.636,0.7,70.4,15.6,67.4,-3.7,42.0,48.1,102.6,33.1,47.2,72.4,11.2,12.1,0.925,7.4,21.8,32.0,22.5,72.6,3.6,7.0,0.933
Central Ark,71.0,-12.1,26.8,62.4,0.947,1.109,0.926,48.2,102.5,29.5,50.3,75.4,6.5,22.0,8.3,23.0,34.3,24.9,71.0,47.2,3.0,6.3,13.6,13.9,0.983,0.31,0.714,75.0,16.7,83.2,12.1,48.4,54.8,114.8,35.3,55.8,72.3,16.2,12.0,1.344,9.4,25.1,38.3,29.0,75.1,3.5,7.7,0.965
Richmond,71.0,2.6,25.2,57.1,1.031,0.993,0.951,51.1,108.5,32.9,52.3,71.8,7.8,23.8,6.4,23.7,32.3,20.2,73.9,47.6,2.4,7.6,14.5,9.8,1.485,0.649,0.583,68.9,13.9,68.4,-2.6,44.3,50.5,106.1,34.3,49.9,72.5,12.7,12.8,0.992,8.4,25.2,35.6,26.1,79.8,3.1,5.3,0.935
Florida St,71.0,-0.9,25.8,59.4,1.004,1.017,0.96,49.0,104.5,33.1,48.7,70.8,6.7,20.3,9.6,21.9,34.9,29.6,70.5,49.8,4.9,8.5,14.4,12.5,1.15,0.548,0.769,70.7,16.3,71.9,0.9,44.4,52.2,110.1,36.9,50.0,71.0,14.0,14.5,0.967,9.2,23.0,35.2,29.5,70.4,3.1,5.9,0.925
Maryland,70.9,0.2,24.7,57.0,1.025,1.022,0.954,49.4,107.2,32.6,49.7,75.9,6.9,21.2,8.3,24.6,35.2,26.2,74.3,50.1,3.2,6.4,11.6,11.4,1.016,0.469,0.222,69.2,15.2,70.7,-0.2,43.3,50.2,106.1,35.5,48.2,73.8,13.5,10.9,1.235,8.5,23.3,35.1,25.7,73.8,3.3,5.6,0.965
VA Tech,70.8,8.0,25.9,55.0,1.09,0.967,0.946,55.1,115.3,39.2,52.6,75.1,8.9,22.6,7.4,22.6,32.0,26.1,76.1,51.4,3.2,5.3,14.3,10.9,1.317,0.639,0.462,65.0,14.9,62.8,-8.0,43.0,48.9,104.3,32.3,49.3,74.5,11.8,11.9,0.988,7.1,20.8,30.3,23.9,73.9,3.0,6.3,0.926
Indiana,70.8,4.6,25.8,56.8,1.011,0.944,0.938,50.6,107.5,33.3,50.9,70.0,5.9,17.7,7.5,25.3,36.1,24.4,76.7,51.8,4.8,5.6,14.6,11.8,1.234,0.6,0.417,70.1,17.4,66.2,-4.6,39.6,46.2,100.9,33.0,44.0,75.6,10.8,12.1,0.896,7.7,23.2,33.6,23.3,75.6,2.7,6.6,0.938
E Tenn St,70.8,-2.4,26.4,59.6,1.047,1.083,0.972,51.7,107.6,35.1,51.1,70.4,8.8,25.2,9.3,22.0,34.3,29.0,70.3,49.6,2.8,6.5,12.8,11.2,1.14,0.433,0.429,67.6,15.0,73.2,2.4,45.1,53.1,111.1,34.2,54.7,71.2,14.8,11.0,1.347,9.3,22.9,34.9,29.7,71.0,2.6,5.9,0.975
TX-Pan Am,70.8,-8.9,24.3,55.5,0.949,1.068,0.895,49.5,106.6,30.3,51.9,69.2,6.3,20.9,7.2,23.3,33.9,22.8,68.8,46.5,3.1,5.3,12.0,15.1,0.795,0.207,0.5,74.6,19.9,79.7,8.9,45.3,51.9,109.9,32.7,53.7,69.3,17.5,13.0,1.341,10.6,24.6,39.0,31.2,77.2,3.1,6.9,0.967
Vanderbilt,70.8,2.9,23.6,55.6,0.999,0.958,0.931,50.2,107.6,34.0,49.5,69.7,8.6,25.4,8.2,23.2,34.3,25.5,74.3,49.6,3.4,7.3,11.8,13.1,0.896,0.528,0.455,70.8,18.1,67.8,-2.9,42.6,48.5,105.0,30.1,50.6,72.7,13.1,14.3,0.913,8.0,24.0,34.9,25.7,74.5,3.8,6.4,0.911
Quinnipiac,70.8,-1.4,25.0,58.7,1.003,1.022,0.937,50.0,106.9,34.0,49.2,76.4,8.7,25.5,8.5,23.7,35.1,26.6,72.8,50.3,2.1,6.2,14.0,12.9,1.085,0.433,0.25,70.6,16.9,72.1,1.4,43.7,50.6,107.0,37.1,47.6,72.3,12.5,11.9,1.047,8.9,23.4,34.7,27.2,73.4,3.9,7.0,0.957
N Mex State,70.7,5.9,24.9,55.3,1.021,0.936,0.933,51.9,109.9,33.2,53.4,69.8,7.6,22.8,9.5,25.3,37.5,31.8,76.6,54.5,4.2,4.6,13.3,14.2,0.938,0.774,0.556,69.3,16.3,64.9,-5.9,38.9,45.2,98.4,29.8,45.6,75.3,11.1,11.4,0.975,7.7,20.4,31.2,23.4,68.2,2.1,6.9,0.947
Geo Mason,70.7,2.2,25.0,56.2,1.02,0.988,0.926,52.9,110.7,35.8,52.2,69.4,9.3,26.1,7.1,24.6,34.7,23.6,78.6,51.3,3.2,5.1,14.1,12.2,1.155,0.467,0.286,69.3,16.0,68.5,-2.2,42.3,49.6,105.9,34.4,48.1,73.2,12.0,11.6,1.029,6.7,23.1,33.0,21.4,76.4,2.8,6.8,0.929
Georgetown,70.7,-6.3,24.8,62.1,0.972,1.059,0.968,46.2,100.1,34.2,43.3,74.4,7.6,22.4,11.0,22.8,37.3,31.0,72.2,50.1,3.8,7.2,11.8,13.4,0.884,0.194,0.167,72.7,16.2,77.0,6.3,45.9,53.6,112.5,36.9,52.4,72.6,17.0,12.8,1.325,8.8,24.6,37.1,27.8,69.0,4.5,6.9,0.945
UMKC,70.7,-0.3,26.0,56.2,1.017,1.02,0.934,52.3,109.3,35.8,51.6,66.9,6.8,19.0,6.1,21.3,29.4,19.8,74.9,46.4,2.6,6.3,11.6,10.7,1.09,0.556,0.5,69.5,21.0,71.0,0.3,46.2,52.0,113.4,33.6,52.8,75.2,11.4,14.4,0.794,7.1,24.6,34.0,25.1,80.2,3.5,5.0,0.896
Jksnville St,70.7,3.6,24.9,54.7,1.035,0.982,0.923,53.6,112.1,38.0,51.0,68.8,8.9,23.3,8.0,25.4,36.1,26.8,74.6,52.0,2.9,6.1,13.4,13.2,1.013,0.633,0.5,68.3,14.6,67.1,-3.6,40.9,48.1,102.4,32.7,47.5,76.9,13.2,11.4,1.152,8.6,21.8,33.3,25.4,73.2,2.8,6.4,0.959
Washington,70.6,-1.7,24.9,60.3,0.967,0.99,0.965,46.4,100.6,31.2,46.2,70.1,6.2,19.8,9.3,21.3,33.4,27.2,67.3,46.2,4.1,8.3,10.2,11.9,0.856,0.531,0.667,73.1,16.6,72.3,1.7,44.2,49.9,106.4,33.5,49.8,72.0,14.3,15.7,0.909,10.4,25.0,38.8,32.7,72.8,3.8,5.3,0.927
Seton Hall,70.6,4.2,24.8,60.2,1.002,0.942,0.975,47.2,102.5,33.2,45.8,75.2,7.1,21.5,10.5,24.9,38.3,30.7,73.2,51.5,5.4,7.1,10.0,12.2,0.82,0.645,0.643,70.5,15.7,66.4,-4.2,40.4,45.6,99.6,31.1,45.1,77.3,11.5,12.7,0.906,9.1,23.5,36.1,26.8,69.3,4.3,6.4,0.948
Denver,70.6,-4.2,25.5,55.2,1.007,1.066,0.908,52.7,111.0,37.1,51.1,69.8,7.3,19.8,6.3,23.1,32.1,21.2,73.8,48.4,3.2,4.9,12.3,12.8,0.963,0.333,0.333,70.1,17.4,74.8,4.2,45.0,52.3,111.5,36.4,50.8,74.0,12.1,11.4,1.067,8.2,23.6,34.2,26.2,78.8,3.3,5.2,0.955
Florida,70.6,4.1,24.3,56.9,1.019,0.96,0.957,49.6,106.8,30.3,53.0,73.5,7.9,26.1,9.4,20.6,33.6,30.0,70.6,49.0,5.0,8.4,12.8,12.4,1.031,0.588,0.667,69.2,16.0,66.5,-4.1,44.1,49.4,104.9,32.3,49.9,69.8,12.0,14.6,0.821,8.6,22.1,35.0,29.4,70.0,2.6,7.6,0.913
Miss State,70.5,4.2,25.3,55.6,1.026,0.964,0.955,49.6,107.3,29.5,51.7,72.1,4.6,15.6,10.0,23.6,36.3,32.6,76.7,54.3,3.3,7.9,13.4,13.1,1.018,0.529,0.4,68.7,15.7,66.2,-4.2,43.0,49.6,105.6,31.9,50.9,72.6,13.8,13.1,1.052,7.2,20.8,30.5,23.3,67.4,3.2,7.1,0.914
SC Upstate,70.4,-4.9,25.0,56.5,0.988,1.057,0.906,51.3,109.6,36.4,49.3,76.0,8.0,21.9,6.3,22.3,31.6,20.3,70.9,46.3,3.3,6.2,13.2,13.1,1.013,0.433,0.546,71.3,19.3,75.3,4.9,44.8,51.6,110.3,33.4,52.7,70.8,14.2,12.4,1.145,9.2,24.8,36.7,29.1,79.7,3.5,6.6,0.954
Grd Canyon,70.4,8.4,25.1,58.3,1.021,0.899,0.967,49.9,105.1,34.8,48.3,67.2,8.0,23.0,10.6,25.1,39.7,33.4,73.3,53.6,2.2,6.3,12.6,12.9,0.979,0.724,0.556,68.9,18.2,62.0,-8.4,38.9,43.5,94.9,26.9,45.1,69.3,9.4,12.5,0.754,9.1,21.2,34.3,26.7,66.6,3.2,5.7,0.951
LA Lafayette,70.3,0.2,24.3,57.3,0.971,0.968,0.926,48.6,104.9,34.3,47.0,71.1,7.2,21.1,10.2,24.9,38.4,31.6,74.1,53.3,4.1,6.7,12.2,15.6,0.787,0.483,0.444,72.3,18.3,70.1,-0.2,41.5,46.9,103.0,32.2,46.2,75.0,12.4,13.0,0.955,8.7,22.1,33.7,25.9,68.4,3.2,8.4,0.94
Wofford,70.2,3.6,24.6,54.2,1.067,1.012,0.934,53.9,114.3,34.8,55.5,77.3,9.3,26.6,7.2,21.5,30.5,25.4,78.9,51.8,1.4,6.7,12.8,11.5,1.116,0.567,0.375,65.8,15.3,66.7,-3.6,45.3,53.8,113.3,36.2,53.3,73.9,11.8,12.8,0.922,5.8,21.0,28.3,21.1,74.6,2.5,6.0,0.893
Boston U,70.1,2.3,25.4,56.1,1.048,1.014,0.947,51.8,110.0,34.9,51.5,74.6,7.4,21.3,8.5,23.3,34.6,28.8,76.5,53.2,2.2,5.5,10.7,12.0,0.888,0.618,0.643,67.0,15.7,67.9,-2.3,45.2,50.7,107.8,33.5,51.0,73.2,12.0,10.9,1.103,7.2,21.0,30.4,23.5,71.2,3.7,6.9,0.945
Southern,70.1,1.7,24.9,57.5,0.961,0.937,0.909,49.2,105.2,35.0,47.5,70.2,6.9,19.6,8.0,20.8,31.4,25.2,69.5,47.4,2.6,9.9,13.0,14.7,0.889,0.517,0.444,73.0,21.0,68.4,-1.7,44.2,49.3,107.5,28.4,53.0,70.6,11.4,18.1,0.632,9.1,23.9,34.9,30.5,74.8,4.0,6.7,0.877
TN Tech,70.1,-4.2,26.9,61.3,0.973,1.031,0.949,49.2,102.6,32.9,49.2,66.1,6.5,19.9,9.8,23.1,36.2,29.4,71.3,50.0,3.5,7.1,14.9,13.4,1.109,0.3,0.286,72.0,14.9,74.3,4.2,45.0,51.5,108.2,32.4,53.4,73.4,17.3,12.8,1.352,9.3,23.4,36.1,28.7,70.6,3.3,6.8,0.952
Charlotte,70.0,-1.2,25.2,54.8,1.031,1.048,0.917,52.9,112.9,34.5,53.6,79.2,7.5,21.8,5.8,23.0,31.3,20.4,76.9,49.0,2.9,4.8,14.0,11.5,1.216,0.548,0.7,68.0,14.1,71.2,1.2,46.1,52.6,111.6,36.2,51.7,76.8,12.2,11.3,1.08,6.9,22.8,32.5,23.1,79.6,3.0,5.6,0.935
St Bonavent,70.0,3.5,26.3,58.1,1.029,0.978,0.963,50.5,107.2,33.1,50.9,75.1,6.1,18.3,7.8,22.8,33.6,25.3,75.4,50.0,4.8,6.3,13.7,10.3,1.323,0.697,0.778,68.0,13.3,66.5,-3.5,42.8,50.3,105.5,34.2,49.6,71.8,14.5,12.7,1.138,7.5,23.0,33.7,24.6,74.7,2.7,5.2,0.923
Morgan St,70.0,-4.5,25.6,61.9,0.912,0.971,0.922,46.1,98.5,30.0,46.6,67.2,5.8,19.3,9.8,21.8,36.3,29.1,72.6,49.6,3.3,7.1,13.4,15.8,0.85,0.375,0.4,76.7,20.3,74.5,4.5,44.6,51.2,110.4,34.4,51.0,70.6,12.3,17.3,0.713,8.3,24.0,36.9,27.4,70.9,4.3,7.8,0.883
Wisconsin,69.9,4.0,24.7,58.5,1.022,0.964,0.989,47.7,103.6,30.6,48.7,74.3,6.5,21.1,8.0,24.3,35.0,24.2,78.0,50.1,2.9,5.3,11.1,8.7,1.272,0.758,0.8,68.4,16.8,66.0,-4.0,43.5,48.9,103.1,32.5,49.0,68.3,11.5,11.4,1.011,6.8,25.0,34.9,22.0,75.8,3.3,4.7,0.933
Manhattan,69.9,-3.8,23.9,55.0,0.977,1.03,0.922,48.3,106.2,29.9,50.0,73.6,5.4,18.1,8.8,21.7,33.2,28.2,71.4,49.5,3.4,6.9,11.1,14.4,0.77,0.483,0.857,71.6,18.1,73.7,3.8,46.6,52.2,110.8,33.9,52.9,71.1,14.9,13.9,1.067,8.7,22.3,34.0,28.6,71.8,2.6,7.6,0.927
Detroit,69.9,-1.3,24.8,56.8,1.051,1.071,0.948,52.6,111.0,36.9,50.1,77.9,10.2,27.8,8.2,20.2,31.1,26.8,70.9,48.5,1.8,5.8,11.8,11.7,1.003,0.448,0.25,66.5,15.6,71.2,1.3,47.1,54.4,114.1,35.3,55.4,71.6,14.8,12.4,1.191,8.3,22.5,33.1,29.1,73.2,2.0,6.0,0.938
Central FL,69.8,1.6,24.7,58.3,0.998,0.975,0.95,49.9,105.5,35.0,47.9,70.3,8.8,25.1,9.6,22.8,35.2,29.8,71.8,49.7,3.7,7.0,14.5,13.0,1.113,0.6,0.5,70.0,15.7,68.2,-1.6,42.3,48.7,104.7,31.2,50.0,73.7,13.3,14.1,0.939,9.0,22.5,35.6,28.2,70.2,3.3,7.1,0.926
Hartford,69.8,-2.3,25.0,55.6,1.015,1.049,0.915,53.3,111.1,36.9,51.5,69.0,9.3,25.1,6.3,23.4,32.4,21.3,73.8,48.3,3.2,6.0,12.2,12.2,1.0,0.375,0.4,68.8,15.0,72.2,2.3,44.8,51.6,109.3,35.7,50.4,72.8,12.4,11.1,1.115,8.3,23.4,34.7,26.2,78.7,2.9,6.6,0.96
Georgia,69.8,-8.7,23.8,53.9,0.979,1.101,0.89,50.2,109.3,32.1,51.3,74.7,6.4,19.9,6.6,22.7,32.7,22.3,70.9,48.4,2.2,5.2,13.9,14.4,0.961,0.188,0.167,71.3,15.0,78.5,8.7,47.4,54.6,113.4,34.9,56.1,71.6,16.5,11.0,1.507,9.3,23.0,34.8,29.1,77.7,5.0,7.8,0.977
Bradley,69.8,4.6,25.6,57.7,1.007,0.941,0.944,51.1,107.0,34.1,51.1,68.5,7.8,22.8,9.7,25.8,38.2,30.8,78.8,54.4,4.5,6.2,13.4,13.5,0.988,0.533,0.333,69.3,16.9,65.2,-4.6,40.8,46.9,101.7,32.2,46.1,74.4,10.0,12.4,0.811,7.0,21.7,31.9,21.2,69.2,2.2,7.3,0.922
S Car State,69.8,-4.6,24.5,64.1,0.921,0.982,0.975,43.3,94.5,30.6,42.1,69.5,6.5,21.1,12.8,24.0,40.3,32.9,73.5,51.2,3.6,6.3,11.4,14.8,0.77,0.429,0.6,75.7,19.8,74.4,4.6,43.0,49.9,107.1,35.7,47.7,70.1,14.2,14.9,0.952,8.6,26.1,38.4,26.5,67.1,3.9,6.9,0.917
Kent State,69.8,2.9,24.4,56.3,1.013,0.971,0.949,49.8,107.3,32.5,50.5,74.6,7.3,22.3,8.9,22.8,35.2,29.5,75.7,52.4,3.5,6.8,12.0,12.4,0.962,0.656,0.6,68.8,18.3,66.8,-2.9,42.2,49.0,105.4,31.7,50.1,70.7,11.9,13.1,0.907,7.3,21.3,32.0,24.3,70.5,2.5,6.6,0.916
Utah,69.7,-1.2,24.3,58.0,1.002,1.018,0.946,48.4,105.1,33.5,47.3,77.4,7.6,22.8,8.5,24.4,36.3,26.2,73.3,50.2,2.9,4.6,13.5,12.3,1.1,0.355,0.333,69.6,16.5,70.9,1.2,43.6,49.4,104.7,32.9,49.4,70.5,13.1,10.3,1.272,8.9,23.9,36.0,26.7,73.8,3.6,6.2,0.98
Neb Omaha,69.7,-14.7,25.2,58.4,0.963,1.166,0.918,49.3,105.1,35.8,46.9,73.1,7.2,20.0,7.8,22.9,32.6,23.0,71.8,46.6,2.6,4.6,10.9,13.8,0.794,0.138,0.4,72.4,19.4,84.4,14.7,48.5,56.3,118.9,39.9,54.0,73.4,14.2,10.5,1.359,9.0,26.1,37.3,28.2,77.0,2.9,6.5,0.98
Utah Val St,69.7,4.0,24.5,54.3,0.992,0.936,0.914,50.6,108.6,36.8,48.6,70.9,6.0,16.3,9.2,27.7,39.7,30.0,77.1,55.4,4.3,5.3,14.2,15.2,0.93,0.6,0.333,70.2,16.8,65.7,-4.0,40.1,45.4,97.1,29.0,46.6,67.9,12.2,10.7,1.14,8.2,21.4,31.9,22.9,70.0,3.2,7.6,0.964
S Carolina,69.7,-1.2,25.5,61.0,0.939,0.956,0.938,47.3,100.3,31.3,47.4,67.1,6.6,21.2,10.8,22.6,37.6,31.8,69.3,50.5,4.9,7.8,13.5,15.5,0.871,0.567,0.857,74.2,19.8,70.9,1.2,41.5,47.2,103.2,31.9,46.9,70.1,13.2,15.5,0.852,10.0,23.3,36.8,30.7,68.2,3.3,8.4,0.925
Mercer,69.6,-2.3,24.6,54.2,1.035,1.068,0.918,52.9,112.8,35.3,52.9,77.5,8.1,23.0,6.6,22.0,32.3,23.3,73.9,50.1,2.8,5.6,14.0,12.2,1.149,0.452,0.444,67.3,15.5,71.9,2.3,45.5,52.8,111.3,34.9,53.2,72.7,13.4,10.5,1.277,7.8,21.7,32.2,26.1,76.7,2.8,6.9,0.96
W Carolina,69.6,-8.6,24.2,60.7,0.979,1.1,0.965,47.9,101.3,31.3,48.9,67.7,9.7,31.1,9.9,24.1,36.7,27.6,72.9,49.1,2.3,4.8,12.5,12.4,1.01,0.323,0.75,71.1,16.9,78.2,8.6,45.0,53.2,111.8,36.0,52.7,71.7,14.8,10.0,1.477,9.0,25.9,38.1,27.1,72.4,3.4,6.3,0.985
Harvard,69.6,-0.5,25.7,60.2,0.974,0.981,0.94,49.6,103.6,32.6,50.0,67.3,8.3,25.3,7.9,23.3,34.2,23.3,78.6,49.1,2.2,7.2,10.9,12.2,0.89,0.435,0.333,71.4,16.5,70.0,0.5,44.8,52.1,110.9,37.1,49.8,73.2,12.4,14.5,0.859,6.3,26.0,35.4,21.4,76.7,3.3,6.2,0.886
S Alabama,69.6,3.8,25.5,55.5,1.009,0.953,0.921,52.0,109.4,34.2,52.3,69.8,6.7,19.4,7.6,22.7,32.9,25.2,70.7,48.6,4.8,6.6,11.7,13.0,0.899,0.586,0.455,68.9,16.8,65.7,-3.8,41.3,47.6,102.4,32.5,46.8,72.3,12.6,14.1,0.897,9.4,22.4,34.8,29.3,74.8,2.5,5.8,0.932
Prairie View,69.5,-6.8,24.0,56.1,0.933,1.025,0.891,48.4,104.7,34.5,46.8,70.3,6.3,18.3,9.3,22.0,35.0,30.0,67.3,49.2,3.1,8.5,11.4,17.4,0.656,0.296,0.333,74.5,21.2,76.3,6.8,44.7,51.0,108.7,35.7,49.6,66.6,12.7,15.0,0.849,10.7,21.8,36.2,32.7,70.0,4.0,8.7,0.942
St Marys,69.5,8.2,26.1,56.4,1.043,0.92,0.94,52.7,110.9,35.5,52.4,76.3,7.2,20.4,7.1,23.5,33.3,25.0,80.3,53.1,2.5,6.8,13.5,11.1,1.216,0.758,0.857,66.6,15.6,61.3,-8.2,43.4,48.3,102.5,34.3,47.0,72.5,8.5,12.6,0.677,5.8,21.2,29.4,19.7,75.0,3.1,5.9,0.898
Coastal Car,69.5,3.1,24.9,57.2,0.995,0.951,0.942,49.9,105.8,35.1,48.3,69.6,7.2,20.6,9.8,26.3,39.0,30.6,74.2,52.8,3.3,6.4,12.4,13.8,0.898,0.517,0.5,69.8,14.8,66.4,-3.1,39.5,46.5,98.7,30.0,47.8,69.5,12.9,11.8,1.1,9.1,22.1,34.8,25.8,69.4,3.0,7.5,0.962
Montana,69.4,-0.3,23.4,53.1,1.011,1.015,0.916,50.2,110.6,33.9,49.9,78.8,6.4,19.0,4.7,21.4,28.5,16.0,77.3,45.3,2.6,5.3,11.5,10.5,1.095,0.517,0.375,68.7,19.7,69.7,0.3,46.2,51.8,112.1,37.5,49.9,73.0,10.6,12.8,0.825,6.3,24.8,34.4,22.7,84.0,2.9,4.1,0.905
Cincinnati,69.4,3.2,24.6,61.1,0.99,0.945,0.993,46.9,99.6,31.4,46.6,67.2,8.1,25.8,9.9,24.1,37.2,28.5,71.8,49.6,3.8,6.2,13.0,10.4,1.246,0.531,0.444,70.1,17.6,66.2,-3.2,40.2,45.0,98.6,31.2,44.2,72.1,12.1,12.3,0.985,9.5,24.9,37.8,28.2,71.5,3.4,5.7,0.96
Brown,69.3,-1.4,24.8,57.4,0.978,0.998,0.933,49.4,105.0,31.7,50.6,69.5,7.1,22.3,8.4,22.7,34.6,26.0,74.5,49.7,4.0,6.3,11.6,13.2,0.879,0.407,0.3,70.9,18.0,70.7,1.4,44.7,51.1,108.4,33.9,51.3,69.7,11.8,13.4,0.879,7.8,23.9,35.1,25.5,74.0,2.6,6.4,0.92
LA Monroe,69.3,-6.1,25.8,58.1,0.97,1.056,0.91,50.2,106.0,33.2,50.5,71.7,6.8,20.6,6.9,21.5,31.3,21.7,67.8,45.5,2.6,6.7,14.5,13.3,1.092,0.357,0.5,71.4,17.3,75.4,6.1,45.8,52.9,111.4,36.2,52.0,69.3,15.5,13.6,1.139,10.2,24.8,37.4,32.2,78.3,4.0,7.8,0.953
Dayton,69.2,8.0,25.7,53.8,1.05,0.929,0.931,53.9,112.4,36.1,53.8,68.3,6.5,18.1,7.8,24.7,35.2,27.8,78.3,54.5,3.9,5.5,14.4,12.4,1.164,0.686,0.539,65.9,13.9,61.2,-8.0,40.8,46.9,99.6,32.4,45.8,72.1,12.0,11.1,1.088,6.8,20.3,29.4,21.7,72.2,3.7,6.1,0.936
Creighton,69.2,2.8,25.6,57.2,0.983,0.943,0.918,50.6,107.4,30.8,53.3,73.8,6.7,21.8,8.3,27.3,38.1,26.4,73.9,51.7,4.3,5.5,13.3,14.1,0.947,0.657,0.8,70.4,13.6,66.4,-2.8,39.6,44.9,95.5,31.7,43.6,72.8,11.3,10.7,1.062,9.6,23.0,35.7,26.1,73.6,3.5,6.8,0.985
TN State,69.2,-1.9,25.2,57.6,0.975,1.002,0.927,49.4,105.0,35.1,47.8,70.3,6.5,18.5,8.5,22.9,34.4,27.4,72.9,50.2,3.1,6.6,11.9,13.7,0.867,0.414,0.5,70.9,18.9,71.1,1.9,43.7,50.1,108.1,33.7,49.9,71.8,13.3,13.5,0.982,8.5,22.6,34.1,27.1,72.6,3.9,6.9,0.93
Loyola Mymt,69.1,-5.2,24.9,54.8,1.004,1.079,0.909,51.9,110.0,34.2,52.3,72.1,7.1,20.9,6.8,20.8,29.7,22.6,73.3,47.7,1.7,5.3,11.1,13.0,0.852,0.357,0.364,68.9,17.8,74.3,5.2,48.1,54.7,116.4,36.0,55.0,77.4,14.7,12.3,1.198,7.6,23.1,32.5,26.7,77.4,3.5,6.5,0.932
Arkansas St,69.1,0.2,24.6,55.6,0.98,0.977,0.918,49.3,106.8,31.9,50.0,74.5,5.6,17.5,8.5,24.7,35.2,27.0,73.3,51.0,3.0,7.5,14.9,14.3,1.043,0.577,0.5,70.5,16.4,68.8,-0.2,43.6,49.2,104.2,33.3,48.8,70.3,12.2,13.3,0.911,9.0,22.8,33.8,26.7,73.0,3.4,7.3,0.938
Army,69.1,-3.0,25.3,58.5,0.965,1.007,0.941,48.8,102.4,31.7,49.4,64.0,6.4,20.3,9.0,23.8,36.1,27.2,75.0,50.7,1.8,7.8,12.0,13.2,0.909,0.448,0.444,71.6,14.9,72.1,3.0,45.4,52.8,109.4,36.4,51.6,68.5,14.8,13.5,1.094,7.9,24.0,35.1,25.0,72.8,4.1,7.6,0.922
Oklahoma,69.1,4.0,25.3,53.1,1.012,0.953,0.879,54.8,115.0,34.7,56.7,74.7,7.6,21.9,6.5,22.8,31.8,23.4,75.5,51.0,1.9,7.4,14.0,14.7,0.952,0.543,0.385,68.3,15.5,65.0,-4.0,43.9,49.4,105.0,31.8,50.3,73.4,10.7,13.6,0.784,7.4,21.1,30.6,24.5,76.6,2.7,7.7,0.909
TX Southern,69.0,2.9,25.1,57.9,0.962,0.921,0.937,48.2,102.7,31.4,48.6,67.9,5.6,17.9,10.4,25.4,39.4,32.0,74.9,53.2,5.2,5.6,10.7,14.9,0.718,0.594,0.6,71.8,17.7,66.1,-2.9,39.9,45.3,96.9,30.4,45.1,64.7,11.4,12.1,0.941,8.5,22.2,34.7,25.1,68.0,2.5,8.1,0.949
Kansas St,69.0,1.5,24.1,57.4,0.996,0.974,0.943,49.4,105.4,34.6,47.5,72.6,8.4,24.3,7.5,22.8,33.2,23.4,73.1,48.1,1.6,7.3,12.5,11.5,1.084,0.452,0.273,69.3,17.1,67.5,-1.5,43.4,49.5,105.3,30.2,52.4,69.7,13.3,13.5,0.988,8.4,24.6,35.9,26.9,76.6,3.5,5.7,0.927
Alabama St,69.0,-6.6,24.0,56.8,0.936,1.025,0.901,47.7,103.3,33.0,46.8,70.5,6.2,18.8,8.1,22.1,34.1,25.8,68.1,48.0,3.6,7.4,11.8,15.4,0.765,0.3,0.25,73.7,18.0,75.6,6.6,44.2,50.4,108.1,33.2,50.8,73.0,14.4,13.9,1.038,10.4,23.4,36.9,31.9,74.2,3.9,7.6,0.953
UNLV,68.9,2.6,23.9,57.0,1.016,0.977,0.957,49.1,105.5,33.2,48.6,73.8,8.1,24.4,8.4,24.2,35.4,25.8,75.5,50.4,2.8,6.1,13.4,11.3,1.189,0.548,0.5,67.8,17.9,66.3,-2.6,41.7,48.4,103.9,31.9,48.8,72.2,12.4,11.5,1.082,7.9,24.0,34.9,24.5,74.2,2.9,5.2,0.947
Cal Baptist,68.8,-0.2,23.6,55.1,0.981,0.984,0.923,49.9,106.3,33.2,50.1,68.0,7.9,23.7,8.7,24.3,35.6,27.0,73.6,50.5,2.6,5.1,15.1,14.1,1.069,0.484,0.455,70.2,18.7,69.0,0.2,42.8,48.2,103.2,32.6,47.8,69.4,12.7,12.0,1.056,8.7,23.5,34.9,26.4,73.0,2.1,6.3,0.953
North Dakota,68.8,-11.3,23.3,58.5,0.972,1.131,0.945,47.2,102.3,33.5,44.7,73.6,8.7,25.8,8.2,23.4,35.1,24.2,75.5,49.2,1.9,3.9,11.6,12.1,0.957,0.138,0.25,70.8,17.6,80.1,11.3,49.6,56.3,116.9,38.1,55.8,69.6,13.8,9.4,1.464,7.6,25.7,36.3,24.5,75.8,3.1,6.4,0.974
N Kentucky,68.8,3.0,24.7,58.3,1.017,0.972,0.969,49.5,104.8,34.1,48.3,71.2,8.3,24.2,11.1,21.9,35.5,35.2,71.3,51.9,2.4,8.6,13.1,13.2,0.992,0.6,0.667,67.7,15.3,65.8,-3.0,43.0,49.5,105.3,32.4,50.0,75.4,13.6,13.9,0.978,8.8,20.5,32.9,28.7,64.8,2.8,6.3,0.925
E Michigan,68.8,-7.8,25.1,58.7,0.93,1.035,0.907,48.2,102.6,30.7,49.3,69.9,6.4,20.8,7.0,24.6,34.8,21.2,74.0,47.6,3.1,5.7,10.2,13.9,0.734,0.3,0.75,74.0,17.6,76.6,7.8,45.1,51.6,108.7,35.6,50.6,70.6,12.7,12.2,1.041,8.6,26.1,38.3,26.0,78.8,3.7,6.9,0.951
Texas,68.8,8.1,24.5,55.5,1.037,0.914,0.963,50.1,107.7,33.0,50.4,74.6,6.6,20.0,9.1,21.6,33.3,30.1,72.7,50.8,3.4,7.7,13.2,11.6,1.145,0.647,0.625,66.4,17.9,60.6,-8.1,41.7,47.0,101.8,31.9,46.6,68.1,9.2,14.9,0.619,8.1,21.2,32.2,27.3,69.9,3.3,5.8,0.897
Akron,68.8,4.8,23.5,52.0,1.054,0.98,0.947,52.5,111.5,35.3,52.2,69.4,7.6,21.5,7.9,23.6,34.0,27.6,76.0,51.9,3.1,5.5,11.3,11.3,0.994,0.688,0.546,65.2,15.9,63.9,-4.8,43.0,49.1,103.8,34.8,47.4,70.7,9.7,11.2,0.868,7.4,20.7,31.5,24.0,72.4,2.3,5.5,0.943
Marist,68.8,0.6,25.4,57.9,0.995,0.986,0.937,50.4,106.2,34.4,49.7,71.9,7.5,21.8,8.0,24.5,35.1,24.7,75.2,50.0,3.4,5.8,9.0,12.4,0.725,0.467,0.444,69.1,15.6,68.2,-0.6,41.5,48.3,103.4,33.4,47.1,72.8,13.2,11.4,1.161,8.1,24.5,35.1,24.8,75.3,3.2,6.0,0.953
E Carolina,68.8,-2.2,23.3,57.5,0.968,0.999,0.933,47.1,103.2,33.3,45.3,75.4,7.5,22.5,8.2,23.3,35.2,25.0,73.1,49.3,3.1,6.8,14.7,13.0,1.136,0.5,0.636,71.0,16.2,70.9,2.2,43.3,50.5,106.9,35.3,48.8,69.7,15.3,12.8,1.19,8.6,24.6,36.2,26.9,75.0,4.2,6.9,0.94
CS Fullerton,68.6,2.2,24.2,55.1,1.015,0.982,0.947,48.9,106.9,33.4,48.4,76.7,5.5,16.5,8.3,21.8,32.8,27.5,73.3,50.3,1.9,6.9,10.8,11.9,0.908,0.633,0.6,67.6,16.0,66.4,-2.2,44.3,51.1,107.1,37.3,48.4,69.7,13.4,13.4,1.0,7.9,22.0,32.4,26.7,72.5,3.4,5.9,0.919
Monmouth,68.6,1.3,23.6,56.3,0.994,0.975,0.961,47.5,103.7,33.1,46.3,72.8,6.4,19.2,9.0,24.3,36.5,27.7,73.8,50.9,3.3,6.3,11.7,11.7,0.997,0.618,0.6,69.0,18.1,67.3,-1.3,40.7,47.3,102.3,32.3,46.6,71.3,11.6,12.0,0.968,8.6,23.5,35.1,26.2,72.3,3.2,5.4,0.951
Florida Intl,68.6,-3.2,24.6,58.5,0.966,1.011,0.918,49.9,105.0,34.0,49.0,70.8,9.2,27.0,8.1,23.2,34.5,24.9,71.9,48.6,3.8,6.1,13.0,14.0,0.931,0.433,0.7,71.0,15.5,71.8,3.2,43.6,50.2,107.0,33.4,50.2,72.0,13.6,12.8,1.062,9.1,24.5,36.5,28.1,75.1,3.1,7.2,0.947
Morehead St,68.6,4.2,24.9,55.1,1.014,0.952,0.934,52.4,109.4,35.8,51.6,67.5,7.9,22.2,9.0,24.7,36.0,30.0,73.0,51.7,5.6,5.5,15.4,13.5,1.141,0.645,0.571,67.6,15.3,64.4,-4.2,41.1,46.5,98.1,32.6,45.3,67.7,12.1,11.5,1.05,9.1,21.0,33.5,27.0,70.0,3.3,7.5,0.965
Valparaiso,68.6,-2.4,25.1,55.9,0.996,1.031,0.914,51.0,108.8,32.9,52.1,76.7,6.9,21.0,5.3,23.4,31.5,17.3,77.0,48.0,3.1,6.2,11.5,11.2,1.033,0.4,0.455,68.9,13.7,71.0,2.4,45.8,52.3,109.8,35.6,51.6,75.5,13.6,11.1,1.219,7.0,25.1,34.0,23.0,82.7,3.1,5.8,0.94
Rutgers,68.5,2.0,25.8,58.0,1.008,0.979,0.964,49.9,105.0,33.9,49.4,70.0,6.2,18.3,9.1,23.7,35.7,28.4,75.2,51.4,4.0,7.0,15.2,11.5,1.317,0.563,0.5,67.9,15.8,66.5,-2.0,41.8,48.6,103.7,33.9,47.1,72.5,12.4,11.8,1.047,7.8,22.9,33.7,24.8,71.6,3.1,5.8,0.94
TX Christian,68.5,3.6,25.4,57.7,0.991,0.94,0.956,48.7,103.2,30.2,50.3,67.4,5.5,18.3,11.4,24.4,39.0,36.1,75.1,56.0,4.1,6.4,13.6,14.5,0.943,0.618,0.6,69.1,15.5,64.9,-3.6,42.0,47.4,101.0,30.9,48.0,70.9,13.0,12.6,1.03,8.1,20.2,30.6,24.9,63.9,3.4,7.1,0.935
Wichita St,68.5,2.1,23.5,58.4,0.971,0.941,0.964,46.7,102.0,31.2,46.7,75.3,7.5,24.2,10.3,23.9,37.1,30.5,75.1,51.5,4.6,7.5,12.0,12.9,0.933,0.536,0.4,70.5,15.9,66.4,-2.1,41.4,47.3,101.4,31.6,47.2,70.8,12.4,13.8,0.897,7.9,23.5,34.9,24.9,69.5,3.8,6.7,0.916
Georgia St,68.5,0.2,23.9,61.5,0.967,0.964,0.994,44.7,97.3,32.4,42.5,72.0,7.2,22.3,11.0,22.0,36.3,30.7,71.5,49.5,4.3,8.1,12.5,11.5,1.094,0.577,0.5,70.8,16.9,68.2,-0.2,42.9,50.0,106.1,37.5,46.2,69.0,13.6,15.3,0.892,8.8,25.0,37.1,28.5,69.3,3.7,6.1,0.908
W Virginia,68.5,-0.5,23.6,57.1,0.98,0.988,0.957,46.8,102.3,32.8,45.7,72.4,6.3,19.2,9.4,20.3,32.2,28.4,67.9,47.2,4.5,7.8,10.5,12.4,0.844,0.485,0.429,69.8,17.4,69.0,0.5,44.6,50.6,108.0,32.4,51.7,71.2,13.0,15.4,0.846,9.6,23.7,36.1,32.1,71.6,2.8,6.9,0.917
Rob Morris,68.4,-7.0,25.4,55.5,0.984,1.085,0.909,50.9,108.7,32.9,51.6,76.1,5.8,17.6,7.8,21.9,32.1,26.8,70.3,48.7,3.8,5.9,12.2,14.2,0.863,0.226,0.333,69.5,15.7,75.5,7.0,46.5,53.1,111.8,36.9,51.9,72.2,15.0,11.5,1.305,9.2,21.5,33.8,29.7,73.2,3.5,7.2,0.967
Lehigh,68.4,-3.3,24.9,55.7,0.977,1.024,0.892,52.1,109.7,38.2,48.9,74.2,8.1,21.3,5.6,24.3,33.0,18.7,75.6,48.6,3.4,4.4,14.1,13.2,1.074,0.387,0.5,70.0,17.0,71.6,3.3,44.5,49.2,105.6,36.3,47.4,72.5,10.9,10.1,1.083,7.9,24.5,34.9,24.4,81.3,4.0,7.3,0.969
UC San Diego,68.4,-3.3,23.3,53.3,0.987,1.034,0.882,52.0,111.1,36.0,50.3,74.7,8.8,24.4,4.7,22.1,29.9,16.1,72.9,46.0,1.8,5.4,13.2,12.9,1.023,0.407,0.429,69.3,15.0,71.6,3.3,47.3,52.7,109.5,32.9,54.3,71.2,13.1,11.7,1.12,8.2,24.7,35.0,27.1,83.9,2.6,6.3,0.949
Geo Wshgtn,68.4,-4.5,25.3,59.0,0.95,1.012,0.922,48.9,103.2,33.8,47.9,69.8,7.1,21.1,7.0,23.7,33.3,21.2,71.1,46.2,4.2,6.9,12.3,12.6,0.971,0.4,0.625,72.0,17.1,72.8,4.5,44.3,49.6,105.5,30.7,51.4,71.7,13.5,12.7,1.063,9.6,26.1,38.7,28.9,78.8,4.1,6.7,0.957
Oklahoma St,68.4,2.7,25.1,57.9,0.947,0.909,0.933,48.0,102.1,29.5,49.8,66.7,5.4,18.2,10.3,24.0,37.1,31.3,71.4,50.8,5.4,8.5,12.7,15.1,0.839,0.5,0.417,72.2,17.4,65.7,-2.7,39.1,45.6,99.2,32.4,43.6,72.5,11.5,16.1,0.716,9.6,22.6,36.0,28.6,68.7,3.4,8.2,0.911
Oregon St,68.3,-9.8,25.6,57.9,0.969,1.109,0.926,49.2,104.3,31.9,49.8,70.9,5.7,17.8,7.3,20.3,30.8,23.2,67.4,45.7,3.0,6.0,12.1,12.5,0.967,0.097,0.0,70.5,17.5,78.1,9.8,47.9,55.0,115.0,35.9,55.8,71.6,15.1,12.1,1.249,9.8,24.2,36.6,32.6,76.8,3.0,6.7,0.968
Texas State,68.3,3.0,24.4,53.9,1.032,0.986,0.947,51.0,109.6,37.2,48.9,75.1,6.1,16.4,8.7,20.9,32.0,29.5,72.5,50.6,3.0,6.3,11.4,12.2,0.937,0.692,0.857,66.2,17.4,65.3,-3.0,43.7,50.7,108.6,35.0,49.5,72.9,12.5,14.3,0.874,7.9,20.7,31.2,27.5,70.5,2.7,5.6,0.903
Indiana St,68.2,-5.4,24.2,56.0,0.948,1.023,0.875,50.6,108.2,32.0,52.8,77.8,8.3,25.8,4.6,25.3,32.9,14.8,79.6,48.2,1.8,5.9,12.8,13.5,0.945,0.286,0.667,71.9,15.6,73.6,5.4,44.8,51.7,109.6,36.1,50.1,75.8,13.0,11.2,1.16,6.5,26.3,35.3,20.4,85.2,3.3,6.5,0.934
Mississippi,68.1,-0.5,24.8,57.0,0.985,0.993,0.939,49.6,105.2,32.6,49.9,71.1,6.9,21.3,8.0,22.6,33.4,25.0,75.7,49.4,2.8,7.1,13.2,12.2,1.079,0.406,0.333,69.2,15.2,68.7,0.5,45.5,51.4,108.2,32.3,53.1,70.9,15.2,13.1,1.157,7.3,24.0,34.2,24.3,75.0,3.3,6.9,0.915
TX El Paso,68.1,0.8,24.3,56.9,0.983,0.972,0.933,49.2,105.7,34.7,47.4,76.7,7.5,21.5,6.7,22.3,31.7,21.0,72.6,46.5,3.5,7.1,11.8,11.4,1.041,0.563,0.778,69.3,17.9,67.3,-0.8,44.4,49.9,105.3,33.2,50.0,65.0,12.1,14.0,0.866,8.4,25.2,36.5,27.4,79.0,2.3,5.5,0.92
Dixie State,68.1,-8.0,24.0,58.4,0.913,1.02,0.908,46.5,99.8,29.5,47.8,66.7,6.4,21.8,8.5,24.0,36.3,24.3,71.8,48.5,2.5,6.1,14.4,15.3,0.94,0.333,1.0,74.6,19.4,76.1,8.0,44.8,50.9,107.8,33.0,51.7,71.0,14.9,13.0,1.145,9.4,26.4,38.5,28.2,75.7,4.1,8.3,0.952
Bellarmine,68.0,-2.5,25.5,55.2,1.054,1.093,0.948,53.3,111.5,34.2,54.8,75.0,7.9,23.1,6.1,20.2,28.6,21.4,70.3,46.0,1.4,5.2,13.3,9.5,1.402,0.552,0.75,64.5,15.1,70.4,2.5,46.1,54.4,113.7,35.0,56.1,70.5,13.1,11.2,1.169,8.6,22.6,33.5,29.7,78.6,2.4,5.1,0.958
NC Central,67.9,-3.9,23.9,56.3,0.93,0.984,0.903,47.7,102.3,31.0,48.3,66.7,5.9,18.9,9.8,22.1,35.1,30.8,71.5,50.7,1.9,7.8,10.9,16.9,0.647,0.444,0.875,73.0,21.1,71.8,3.9,43.5,50.5,109.5,32.9,51.4,71.4,12.8,15.7,0.812,8.8,22.1,34.1,28.5,69.2,4.6,7.6,0.905
High Point,67.7,-3.1,24.6,56.6,0.96,1.005,0.929,48.9,103.0,32.0,49.4,64.2,6.2,19.4,8.5,23.6,34.8,25.8,71.5,48.8,4.5,6.4,11.9,13.5,0.88,0.379,0.182,70.5,17.5,70.8,3.1,43.9,49.5,105.0,30.1,52.1,66.8,13.7,12.3,1.118,9.4,24.4,36.5,28.5,74.2,3.5,6.4,0.959
Boise State,67.7,6.7,24.0,54.4,1.019,0.918,0.952,50.7,106.6,34.0,50.6,65.1,7.1,21.0,8.9,23.0,34.5,29.4,78.2,53.3,3.4,6.0,11.2,12.1,0.929,0.765,0.727,66.4,15.0,61.0,-6.7,42.9,48.3,102.7,32.6,48.0,72.3,9.9,13.2,0.747,6.4,21.3,30.2,21.8,70.6,2.9,5.2,0.897
St Josephs,67.6,-1.5,24.9,59.1,0.958,0.979,0.917,49.7,103.1,33.6,49.0,65.4,8.9,26.6,7.7,26.0,37.6,23.8,76.8,51.7,2.5,4.9,13.5,13.5,1.0,0.367,0.333,70.6,16.1,69.1,1.5,42.7,47.7,101.3,31.8,47.6,70.5,11.9,9.4,1.258,7.9,24.7,35.2,23.2,76.2,3.6,6.9,0.978
UC Davis,67.6,0.6,24.9,57.1,0.969,0.961,0.936,48.6,103.8,32.3,48.7,71.6,5.8,18.0,7.8,23.4,34.4,25.0,73.3,49.0,2.8,5.9,10.9,12.2,0.892,0.546,0.5,69.7,18.9,67.0,-0.6,41.5,47.3,102.6,33.9,45.4,70.5,11.0,13.1,0.834,8.5,23.3,35.7,26.7,75.0,2.4,5.7,0.934
St Fran (PA),67.5,-6.7,25.1,59.8,0.955,1.049,0.963,46.9,99.0,31.5,46.7,64.5,5.9,18.7,9.9,22.5,35.8,28.2,69.4,48.6,2.6,6.4,12.7,12.5,1.019,0.276,0.167,70.7,14.9,74.2,6.7,45.4,52.4,109.2,35.9,51.4,69.5,14.9,12.6,1.18,9.9,25.1,37.9,30.6,71.8,3.7,6.8,0.962
Mass Lowell,67.5,-0.4,25.5,59.0,0.968,0.974,0.945,48.0,101.7,30.2,49.3,69.4,5.7,18.9,8.7,22.3,34.2,26.7,71.6,49.2,4.1,6.8,11.1,12.5,0.891,0.429,0.333,69.7,16.5,67.9,0.4,42.7,48.9,104.9,37.0,45.6,72.0,10.7,13.3,0.804,8.8,23.9,35.4,28.4,73.3,3.9,6.1,0.936
La Salle,67.5,-4.0,24.8,59.9,0.953,1.01,0.944,47.7,100.7,31.9,47.6,68.7,7.6,23.9,9.2,24.1,36.5,26.8,74.5,50.0,4.3,5.9,13.4,13.1,1.018,0.367,0.546,70.8,17.2,71.5,4.0,43.4,49.9,106.2,36.0,47.6,70.7,14.4,11.6,1.235,8.3,25.1,36.4,25.5,73.2,2.9,6.6,0.952
GA Tech,67.5,-3.8,25.3,57.9,0.949,1.003,0.917,49.6,104.1,34.2,48.6,69.3,6.9,20.1,7.3,23.1,33.6,23.0,73.7,48.5,2.6,7.6,13.4,13.2,1.017,0.355,0.364,71.1,18.0,71.3,3.8,43.9,50.1,107.1,32.1,51.3,72.7,15.0,13.1,1.143,8.2,24.5,35.7,26.3,77.0,3.2,6.6,0.931
Tulsa,67.4,-2.5,24.0,55.4,0.976,1.013,0.915,49.6,106.0,34.2,48.5,72.6,6.8,20.0,6.9,22.2,32.6,23.2,71.5,48.4,2.2,6.8,11.8,12.8,0.919,0.355,0.167,69.0,16.0,69.9,2.5,44.1,52.2,109.4,36.2,50.5,69.1,13.5,13.5,1.0,8.8,23.0,34.8,28.5,76.8,3.9,7.2,0.932
Rider,67.3,-2.3,24.9,60.5,0.956,0.988,0.965,45.6,98.5,31.6,44.9,73.6,5.3,16.9,9.5,24.7,37.0,27.4,73.4,50.3,2.5,6.8,12.6,11.9,1.055,0.406,0.5,70.5,17.2,69.7,2.3,41.6,49.2,104.9,34.5,47.2,69.5,13.2,12.7,1.037,8.9,25.2,36.7,26.6,72.6,3.9,6.0,0.947
Pepperdine,67.3,-10.5,25.0,60.1,0.918,1.06,0.914,47.5,100.6,34.1,45.6,71.3,7.1,20.9,8.4,22.8,33.9,24.8,71.1,47.0,2.4,5.6,14.4,14.6,0.985,0.194,0.333,73.4,18.0,77.8,10.5,46.7,52.7,111.3,32.9,54.6,71.7,15.4,12.9,1.19,9.3,25.3,38.2,28.9,75.2,2.7,7.4,0.95
Gard-Webb,67.3,2.1,24.4,56.2,0.969,0.939,0.922,49.9,105.5,33.0,50.3,69.9,7.3,22.2,8.3,24.8,35.8,25.8,75.2,50.8,4.4,7.1,12.7,13.7,0.927,0.536,0.429,69.5,18.8,65.3,-2.1,39.6,45.5,100.6,28.5,47.4,74.2,11.5,13.0,0.887,8.2,23.8,34.6,24.8,74.2,3.2,6.4,0.931
Louisville,67.3,-2.8,24.8,58.8,0.974,1.014,0.951,48.8,102.3,30.9,50.5,67.4,7.7,24.8,8.8,25.4,36.5,26.1,76.6,50.8,2.4,6.1,11.9,12.2,0.977,0.406,0.8,69.1,17.2,70.1,2.8,43.7,50.4,106.6,34.9,49.1,70.3,13.2,11.1,1.192,7.8,25.1,35.3,23.4,73.9,3.2,6.4,0.952
Canisius,67.3,-5.2,23.8,60.1,0.936,1.009,0.955,45.4,97.9,30.2,45.5,69.6,7.1,23.5,8.6,22.6,35.0,24.8,76.8,48.9,2.6,5.7,12.7,11.8,1.074,0.323,0.6,71.9,17.4,72.5,5.2,46.6,51.5,109.5,31.1,53.7,72.4,13.3,12.4,1.068,6.8,26.0,36.5,23.2,75.2,4.5,5.3,0.922
F Dickinson,67.2,-11.9,24.3,59.8,0.928,1.092,0.933,46.4,99.3,32.4,45.2,70.8,6.8,21.2,8.8,21.6,33.1,26.0,67.3,46.1,3.0,6.5,11.8,13.7,0.86,0.154,0.2,72.5,18.3,79.2,11.9,47.7,53.8,113.2,35.1,54.5,69.9,16.5,12.9,1.281,10.5,25.2,38.7,32.7,74.0,4.0,6.4,0.967
Miss Val St,67.2,-15.8,23.8,61.5,0.89,1.098,0.931,44.4,95.1,30.5,43.6,65.5,7.1,23.3,8.2,20.4,31.7,21.8,67.0,42.4,2.5,7.4,11.6,13.4,0.864,0.071,0.111,75.5,18.1,83.0,15.8,50.4,56.6,118.6,40.0,55.0,71.2,15.6,15.3,1.019,10.1,29.4,43.0,33.0,78.2,3.6,6.8,0.93
Lafayette,67.1,-5.9,25.1,58.1,0.987,1.074,0.941,50.6,105.1,32.8,51.9,68.3,8.7,26.5,7.0,22.1,31.3,21.6,71.5,45.7,3.2,6.3,16.2,11.0,1.475,0.31,0.333,68.1,14.2,73.1,5.9,46.8,53.7,111.6,38.0,51.8,69.1,14.2,11.6,1.233,8.8,25.3,37.1,28.5,78.4,2.4,5.6,0.96
Troy,67.1,0.0,22.9,55.6,0.957,0.958,0.921,47.6,103.5,32.3,47.1,73.0,7.2,22.3,9.7,23.7,36.4,30.2,73.6,51.8,2.2,7.3,13.0,15.2,0.855,0.586,0.546,70.1,18.5,67.1,0.0,42.3,48.5,104.3,33.1,47.9,70.5,12.1,14.0,0.867,8.5,22.4,33.8,26.4,69.8,3.8,8.0,0.922
VCU,67.1,4.7,24.8,53.8,0.953,0.887,0.889,51.4,108.6,34.7,51.1,70.4,5.7,16.3,7.3,22.5,32.5,25.0,70.5,48.6,5.1,9.2,13.9,15.1,0.923,0.688,0.667,70.4,18.7,62.4,-4.7,39.4,44.4,98.1,27.8,45.9,70.8,11.4,17.0,0.673,9.4,22.0,34.4,29.5,75.0,2.7,7.8,0.892
Hawaii,67.0,2.5,23.2,53.6,1.003,0.965,0.929,50.4,108.3,34.6,49.5,74.4,7.6,22.0,8.2,23.6,34.5,28.1,77.1,52.7,2.0,3.5,11.7,12.9,0.908,0.577,0.5,66.8,17.1,64.5,-2.5,42.3,46.9,101.5,30.9,47.2,72.5,8.8,10.4,0.849,7.0,20.9,31.0,22.9,71.9,2.8,6.1,0.949
Rhode Island,67.0,1.7,24.8,54.3,0.965,0.94,0.916,50.6,105.4,33.8,50.5,61.9,5.3,15.7,8.3,24.7,35.9,26.7,74.9,51.3,6.0,7.4,13.4,14.1,0.946,0.467,0.286,69.5,17.4,65.3,-1.7,39.5,46.3,101.0,32.6,44.5,73.4,12.7,13.1,0.969,8.3,22.7,34.0,25.1,73.3,2.9,7.3,0.931
Minnesota,67.0,-2.2,24.8,56.6,0.995,1.028,0.93,50.7,106.4,36.8,48.0,71.8,7.8,21.2,4.5,23.1,30.7,14.3,73.9,45.0,2.8,5.3,12.6,9.2,1.373,0.433,0.571,67.3,14.1,69.2,2.2,45.4,51.2,107.0,33.7,51.6,70.3,13.4,10.4,1.288,8.2,27.0,37.5,26.1,85.7,3.7,4.8,0.966
Boston Col,66.9,-1.2,24.6,57.5,0.99,1.007,0.959,47.8,102.1,30.9,48.5,70.4,5.8,18.6,9.2,22.4,34.2,28.1,75.2,50.9,2.9,7.2,12.4,11.9,1.038,0.394,0.333,67.6,15.6,68.1,1.2,44.9,51.5,110.0,36.4,49.7,74.3,12.2,12.4,0.983,7.4,23.4,33.0,24.8,71.9,3.9,6.7,0.926
Coppin State,66.9,-7.8,22.3,57.8,0.887,0.99,0.899,46.0,99.4,29.7,47.6,68.4,8.6,28.9,6.8,24.7,34.2,18.5,68.7,44.0,3.0,8.1,11.0,14.4,0.766,0.281,0.417,75.5,16.8,74.7,7.8,41.9,49.3,104.5,35.2,46.7,71.1,14.2,15.8,0.899,11.3,29.8,43.5,31.3,81.5,2.8,6.8,0.94
Stetson,66.8,-6.3,24.2,57.8,0.96,1.05,0.927,48.8,103.0,34.8,46.5,69.9,8.1,23.3,8.2,23.1,34.5,25.5,74.6,49.8,2.8,6.2,13.3,13.3,1.003,0.269,0.333,69.6,15.7,73.1,6.3,45.7,53.0,110.5,34.9,53.5,69.2,14.9,10.9,1.363,7.8,23.8,34.7,25.4,74.5,3.0,6.5,0.956
TN Martin,66.8,-8.1,24.6,60.4,0.924,1.036,0.939,46.1,98.2,29.7,47.0,69.4,6.5,22.0,9.2,22.6,35.6,26.8,70.6,48.2,4.1,6.5,10.7,13.6,0.785,0.214,0.5,72.3,18.5,74.9,8.1,44.3,50.8,109.0,33.4,51.2,71.7,14.3,12.9,1.105,9.4,25.1,38.3,29.4,73.2,5.0,6.9,0.952
Temple,66.8,0.3,22.4,56.7,0.96,0.956,0.971,45.4,99.1,31.1,44.7,67.9,6.7,21.7,10.6,24.8,38.8,31.2,73.3,51.7,4.7,6.8,11.8,12.6,0.94,0.586,0.727,69.5,18.4,66.4,-0.3,40.1,45.5,99.1,29.4,46.3,72.6,13.2,11.7,1.13,9.0,23.3,36.2,26.7,68.8,3.5,6.5,0.962
SIU Edward,66.7,-5.7,23.6,57.0,0.923,1.002,0.921,46.5,100.5,29.3,47.8,69.7,5.8,19.8,9.6,23.2,36.3,29.8,71.9,50.4,3.8,7.1,11.9,15.3,0.78,0.3,0.333,72.3,18.8,72.4,5.7,42.4,49.0,106.5,33.0,48.7,73.1,14.1,13.5,1.039,9.1,22.7,35.7,28.1,70.2,3.6,7.9,0.938
N Hampshire,66.7,0.9,24.3,56.1,1.035,1.021,0.979,50.9,106.1,36.6,48.1,67.3,8.5,23.1,7.9,23.7,35.0,26.0,81.1,52.4,2.7,4.0,11.8,9.3,1.264,0.5,0.375,64.5,13.7,65.8,-0.9,43.7,50.4,107.2,34.2,49.8,74.7,9.8,8.8,1.109,5.5,22.5,31.8,18.9,74.0,2.7,5.0,0.949
Columbia,66.6,-12.9,24.8,58.7,0.916,1.093,0.907,48.5,100.9,34.9,46.4,62.7,7.4,21.2,8.5,23.0,35.0,24.7,73.1,48.5,2.0,5.9,11.8,15.2,0.772,0.12,0.5,72.7,16.8,79.5,12.9,46.7,54.8,114.4,37.8,53.4,73.6,15.2,11.7,1.301,8.5,25.9,37.2,26.9,75.3,3.1,8.4,0.956
Fairfield,66.5,0.2,24.3,56.8,0.982,0.979,0.951,49.2,103.9,33.5,48.6,70.2,7.4,22.0,7.8,23.8,34.1,25.2,75.9,49.8,2.9,5.3,11.1,11.1,1.006,0.438,0.444,67.7,16.1,66.3,-0.2,43.4,48.1,102.8,32.2,48.0,70.1,10.2,11.2,0.913,7.6,23.0,34.3,24.1,74.8,3.6,5.3,0.946
Alcorn State,66.5,-4.6,24.0,58.3,0.934,0.998,0.938,45.8,98.8,31.7,45.1,69.2,5.4,17.0,9.6,22.4,35.9,30.1,74.2,51.1,2.7,7.4,10.4,14.1,0.736,0.5,0.667,71.3,17.8,71.1,4.6,44.6,50.7,108.8,34.4,50.3,71.6,13.9,13.2,1.047,7.8,22.4,34.4,25.8,69.9,4.1,6.9,0.924
Dartmouth,66.5,-1.5,23.4,57.6,0.97,0.992,0.936,48.2,103.3,33.4,46.6,77.6,8.7,26.0,7.3,23.4,32.9,22.5,74.9,47.9,3.3,6.5,10.0,11.7,0.858,0.333,0.111,68.5,16.1,68.0,1.5,44.5,50.8,107.4,34.2,50.5,71.3,10.5,12.8,0.815,7.8,25.2,35.8,25.1,77.5,2.3,6.3,0.927
Stanford,66.4,-2.3,24.1,55.6,0.972,1.006,0.929,49.8,104.5,33.9,49.2,65.9,7.3,21.5,10.1,24.1,36.9,32.4,78.8,55.1,2.6,5.6,13.1,15.0,0.875,0.5,0.636,68.3,17.4,68.7,2.3,45.0,51.4,107.9,32.7,52.9,68.8,12.3,11.0,1.122,6.5,21.1,30.1,21.2,67.6,3.7,7.2,0.934
St Peters,66.4,3.4,23.1,54.7,0.958,0.909,0.931,47.5,103.0,34.6,45.6,70.3,5.7,16.6,8.7,24.0,35.5,27.9,74.9,51.1,5.0,7.1,12.1,13.5,0.895,0.636,0.5,69.3,19.8,62.9,-3.4,38.9,44.2,99.0,29.2,44.5,72.7,11.0,13.8,0.794,8.1,22.5,34.0,25.1,72.1,5.0,6.9,0.917
Siena,66.3,-2.9,23.8,55.9,0.955,0.996,0.918,48.7,104.2,35.6,46.3,73.3,6.8,19.0,6.8,23.1,32.9,22.0,73.0,48.2,4.0,6.2,10.0,12.6,0.799,0.517,0.667,69.4,16.0,69.2,2.9,44.1,49.1,104.3,33.3,48.7,70.6,11.4,11.8,0.965,8.6,24.2,35.3,27.0,78.0,3.1,7.2,0.953
Fordham,66.1,-0.7,23.0,58.4,0.928,0.938,0.942,45.7,99.1,29.7,46.7,72.7,7.4,25.0,9.0,25.3,36.8,26.3,76.7,49.9,3.7,7.3,11.8,13.2,0.9,0.5,0.5,71.2,17.7,66.8,0.7,42.6,48.0,101.9,31.3,48.5,67.9,12.0,13.7,0.877,7.7,25.3,37.0,23.3,73.7,3.2,5.8,0.916
Loyola-MD,66.0,-0.4,24.8,55.9,0.967,0.973,0.911,50.4,105.5,32.1,51.7,69.1,6.9,21.3,6.9,22.2,31.8,22.8,76.4,49.1,2.6,7.8,14.6,13.0,1.122,0.448,0.4,68.3,15.4,66.5,0.4,44.9,51.4,108.9,34.4,51.3,71.9,13.0,13.8,0.943,6.9,23.5,33.0,23.6,77.2,2.8,6.4,0.899
Old Dominion,66.0,-1.2,24.4,56.5,0.977,0.995,0.964,46.9,100.6,29.0,48.1,67.2,4.3,14.8,9.7,24.4,37.3,30.1,74.4,52.5,3.3,6.5,12.1,12.2,0.995,0.387,0.375,67.6,16.1,67.3,1.2,42.0,49.7,104.8,34.2,48.4,67.8,13.0,11.3,1.148,8.4,22.5,33.8,25.6,69.9,2.7,5.6,0.957
Fresno St,66.0,6.4,23.6,53.1,1.02,0.921,0.944,51.1,108.3,33.7,51.3,71.4,7.0,20.7,7.6,24.0,33.9,26.1,79.3,52.6,2.8,6.1,12.0,11.2,1.066,0.629,0.364,64.7,15.5,59.6,-6.4,41.0,47.7,101.4,32.3,47.2,69.8,10.7,12.3,0.87,6.3,21.5,30.6,20.7,73.9,2.1,5.5,0.906
Central Mich,65.9,-11.0,23.1,56.5,0.934,1.09,0.914,47.8,101.9,34.1,45.5,69.2,7.7,22.7,7.5,22.1,33.2,22.9,69.8,46.6,3.0,6.3,11.5,13.6,0.848,0.233,0.364,70.6,19.9,77.0,11.0,45.7,53.0,112.2,34.8,53.7,70.3,14.5,11.5,1.265,9.6,25.3,38.0,30.2,77.1,3.3,6.4,0.973
Niagara,65.9,-0.1,23.8,55.3,0.988,0.989,0.936,49.3,105.1,34.0,48.2,73.4,6.8,20.0,6.8,22.7,31.8,21.5,72.9,48.1,2.6,5.4,11.5,11.0,1.047,0.448,0.25,66.7,15.5,66.0,0.1,42.0,48.2,103.8,33.6,46.9,74.9,12.3,11.3,1.088,8.4,24.6,34.2,27.1,78.5,2.9,5.1,0.957
NC A&T,65.7,-5.4,24.2,58.8,0.943,1.021,0.96,46.6,98.6,31.5,46.3,66.0,6.3,19.9,9.6,22.1,34.4,28.2,71.1,48.1,3.1,7.4,11.6,12.4,0.936,0.31,0.375,69.7,19.5,71.1,5.4,43.9,51.0,108.8,34.8,50.1,69.9,14.2,13.6,1.046,9.0,24.5,37.1,28.9,71.8,2.5,6.3,0.934
Binghamton,65.7,-4.2,24.7,58.0,0.948,1.009,0.932,48.8,101.9,34.7,47.0,66.8,7.2,20.7,8.0,24.3,35.6,25.0,75.7,49.7,3.6,5.4,11.1,12.7,0.875,0.37,0.286,69.3,16.8,69.9,4.2,43.7,49.9,105.3,33.6,49.6,68.0,11.1,10.7,1.031,7.8,23.9,35.9,24.3,75.0,3.4,6.8,0.957
St Fran (NY),65.7,-5.6,24.3,60.5,0.939,1.019,0.955,46.0,97.7,31.3,45.4,70.9,7.0,22.2,9.1,21.7,34.5,26.7,71.8,48.6,2.4,6.6,11.5,12.2,0.941,0.31,0.333,69.9,16.3,71.2,5.6,46.8,51.9,109.3,33.3,52.7,69.2,13.3,12.9,1.032,8.6,24.9,36.5,28.2,73.3,3.9,6.2,0.938
Iowa State,65.6,3.1,24.3,56.3,0.948,0.904,0.914,49.1,103.3,31.5,50.1,68.3,6.7,21.2,7.9,21.3,32.4,25.9,73.5,49.3,3.1,8.5,14.7,13.8,1.06,0.629,0.778,69.2,18.3,62.5,-3.1,42.5,48.0,104.1,28.9,50.8,71.8,11.6,16.6,0.699,7.7,22.5,33.3,26.5,74.1,4.0,7.3,0.871
Sam Hous St,65.5,1.2,24.2,58.6,0.967,0.949,0.967,48.3,99.9,33.6,46.8,60.5,8.3,24.8,10.0,22.6,36.1,29.4,75.8,50.8,2.4,7.1,12.8,12.2,1.049,0.533,0.5,67.7,17.9,64.3,-1.2,41.7,48.6,105.2,31.9,49.1,73.3,12.2,13.8,0.884,7.2,24.0,35.0,24.2,70.6,2.5,5.7,0.904
N Arizona,65.4,-9.4,23.3,57.1,0.946,1.082,0.923,47.9,101.3,34.3,45.4,67.6,8.2,23.9,8.5,24.2,36.1,26.1,77.2,51.7,2.3,4.3,11.8,13.8,0.855,0.233,0.429,69.2,18.4,74.8,9.4,46.3,53.0,113.0,36.3,52.2,74.1,12.0,9.3,1.282,7.2,24.2,33.8,22.8,73.9,3.2,6.0,0.969
San Diego St,65.4,7.3,23.8,55.0,0.966,0.859,0.933,48.7,103.5,35.4,46.7,69.2,6.0,16.9,8.3,23.5,35.0,27.2,75.0,51.5,4.8,7.5,11.9,12.8,0.934,0.719,0.5,67.7,17.5,58.1,-7.3,38.4,44.1,95.2,30.0,43.5,68.0,10.5,14.5,0.726,7.8,22.1,33.0,25.0,72.8,3.0,5.8,0.902
Arizona St,65.4,-1.8,25.0,60.4,0.923,0.949,0.938,47.1,98.3,30.7,47.7,66.1,6.9,22.5,7.5,24.1,35.5,22.1,71.4,47.2,4.2,6.7,13.4,11.9,1.119,0.452,0.539,70.8,18.1,67.2,1.8,40.0,46.3,100.5,31.1,46.1,72.1,13.3,13.5,0.983,9.7,26.6,39.8,28.6,77.9,3.1,6.1,0.946
UC Riverside,65.3,1.0,23.9,54.0,0.964,0.95,0.902,50.7,107.3,32.3,52.2,72.9,7.0,21.6,5.6,25.5,34.1,18.9,79.8,50.9,1.3,5.2,12.8,12.2,1.05,0.539,0.571,67.7,16.3,64.3,-1.0,42.6,47.1,101.0,30.2,47.8,72.3,11.6,10.7,1.083,6.5,23.9,32.8,20.2,81.1,2.6,5.2,0.938
App State,65.3,0.0,23.3,56.7,0.98,0.98,0.957,48.4,101.7,33.5,46.9,66.6,8.2,24.5,7.6,22.9,33.6,23.5,75.5,49.2,2.2,5.4,12.1,10.5,1.154,0.516,0.444,66.6,13.2,65.3,0.0,43.7,49.8,105.2,33.0,50.0,75.7,13.7,11.6,1.177,7.5,24.8,34.7,24.5,76.5,3.2,5.4,0.937
N Florida,65.2,-8.4,22.1,55.1,0.918,1.037,0.894,48.1,103.5,32.4,47.7,73.1,8.8,27.1,7.4,22.0,32.4,23.5,66.1,44.9,4.4,5.1,11.5,14.9,0.768,0.286,0.375,71.0,16.1,73.6,8.4,43.7,48.8,103.2,33.9,48.0,68.3,14.7,11.5,1.272,11.3,24.2,39.9,33.9,76.5,3.1,8.4,0.997
Pacific,65.2,-8.4,23.4,57.0,0.924,1.044,0.929,46.2,99.3,31.4,45.8,68.3,5.9,18.9,7.1,23.1,32.4,21.3,79.1,48.2,2.4,6.3,11.5,12.1,0.95,0.214,0.75,70.6,16.9,73.6,8.4,46.6,54.9,116.0,39.2,52.1,76.9,12.8,13.0,0.984,6.1,26.1,34.8,20.9,78.7,2.4,5.3,0.902
Presbyterian,65.2,-4.8,23.7,58.4,0.937,1.006,0.953,45.4,97.7,26.1,49.0,68.9,5.6,21.4,10.2,21.0,35.0,31.1,77.0,52.2,2.7,7.4,12.0,13.4,0.895,0.31,0.313,69.6,19.2,70.0,4.8,46.1,53.4,114.5,38.4,50.8,73.2,12.7,14.3,0.887,6.3,22.7,32.1,23.0,68.9,3.5,6.8,0.884
Duquesne,65.2,-8.2,24.7,61.4,0.937,1.055,0.975,45.4,96.2,30.5,45.2,70.7,6.2,20.5,9.7,21.5,34.1,27.3,70.7,47.4,4.4,6.6,10.0,11.5,0.872,0.2,0.286,69.6,13.9,73.4,8.2,47.6,54.0,111.8,39.8,51.3,70.8,15.1,12.9,1.171,8.9,25.8,37.9,29.3,72.7,4.1,6.0,0.943
W Michigan,65.0,-11.2,23.5,56.3,0.949,1.112,0.915,49.3,103.6,33.2,48.9,70.0,8.5,25.7,7.8,21.8,32.8,24.6,69.0,47.4,2.4,5.2,10.3,13.6,0.756,0.214,0.4,68.5,16.8,76.3,11.2,46.6,53.4,111.8,33.8,55.3,69.7,13.6,10.1,1.351,9.8,23.8,36.4,31.0,75.4,4.0,7.1,0.996
Elon,65.0,-7.5,23.2,55.7,0.95,1.06,0.91,49.0,104.0,33.0,48.6,72.9,8.1,24.4,7.2,22.2,32.5,23.2,72.9,47.9,2.3,4.9,11.8,13.3,0.883,0.267,0.286,68.4,20.5,72.6,7.5,44.0,50.6,111.0,34.5,49.9,75.1,11.7,11.1,1.054,8.3,23.7,35.4,27.1,76.8,3.3,7.5,0.959
Grambling St,65.0,-7.3,23.1,57.5,0.902,1.002,0.928,44.6,97.5,31.1,43.8,71.4,5.0,16.2,8.9,23.4,35.5,25.7,70.4,47.8,3.3,6.3,10.5,14.1,0.744,0.333,0.571,72.1,18.8,72.3,7.3,42.5,48.9,105.3,35.7,46.3,68.7,12.6,13.6,0.929,9.8,25.6,38.8,29.6,74.3,4.7,6.9,0.948
Incar Word,65.0,-12.7,22.3,54.9,0.942,1.127,0.9,48.2,104.8,33.5,46.4,80.9,8.3,24.8,6.8,20.1,28.9,21.3,68.6,44.3,1.7,4.9,11.1,13.7,0.813,0.172,0.2,68.9,17.7,77.7,12.7,50.1,56.7,117.9,37.0,57.4,71.1,14.3,12.3,1.159,9.2,24.9,36.3,31.4,78.7,2.4,6.5,0.954
Ark Pine Bl,64.9,-14.4,22.5,55.5,0.917,1.12,0.914,46.6,100.9,29.8,47.9,70.9,6.7,22.5,7.4,18.6,29.0,22.9,65.3,43.2,2.7,6.9,11.0,13.5,0.816,0.172,0.4,70.8,17.9,79.3,14.4,50.0,55.3,116.6,35.9,55.9,72.8,15.8,13.0,1.218,9.9,25.0,38.2,34.7,77.1,3.6,7.8,0.957
TX-San Ant,64.9,-9.0,24.0,62.0,0.917,1.044,0.968,43.6,93.4,28.7,43.9,68.6,6.0,21.0,10.0,22.6,36.6,27.1,74.7,49.6,2.2,5.4,10.7,12.2,0.874,0.25,0.286,70.8,16.8,73.9,9.0,47.0,54.3,112.5,37.7,53.0,65.0,14.9,11.8,1.267,7.7,26.8,37.3,25.3,72.9,3.9,6.6,0.942
TX-Arlington,64.8,-4.6,23.3,57.9,0.924,0.989,0.939,45.7,98.1,31.0,45.3,69.4,6.2,20.0,9.6,23.0,35.8,28.7,70.2,49.0,4.2,7.7,13.0,13.9,0.939,0.333,0.333,70.1,18.1,69.3,4.6,42.4,49.4,105.4,35.5,46.8,70.7,15.7,13.9,1.136,9.7,23.9,37.2,29.8,71.3,3.1,6.7,0.941
Missouri,64.7,-6.2,23.6,55.6,0.936,1.026,0.921,47.1,101.8,28.1,49.4,74.1,5.1,18.1,9.2,22.3,34.6,29.6,72.9,50.9,4.1,6.4,11.9,14.6,0.816,0.344,0.286,69.1,17.8,70.8,6.2,44.5,50.8,108.3,35.2,49.7,70.2,12.0,12.1,0.995,8.3,21.8,33.3,27.1,70.4,3.7,7.4,0.945
Penn State,64.6,-0.4,23.9,55.2,0.998,1.004,0.939,50.5,106.0,34.2,49.9,73.5,8.0,23.5,7.9,25.0,35.3,26.6,77.3,53.0,2.2,5.3,11.9,11.8,1.005,0.452,0.417,64.7,15.4,65.0,0.4,41.6,48.3,102.9,35.2,45.6,72.9,12.9,8.7,1.476,7.3,21.7,31.4,22.7,73.4,3.2,6.0,0.978
NC-Grnsboro,64.6,-0.5,23.3,54.2,0.991,0.998,0.94,49.8,105.5,34.4,48.6,71.8,7.4,21.4,8.9,22.8,34.5,30.5,77.0,53.5,1.6,6.5,12.0,12.8,0.937,0.516,0.563,65.2,15.4,65.1,0.5,41.8,50.4,108.0,34.9,48.6,76.6,12.5,11.8,1.057,6.8,20.3,30.0,23.0,69.5,2.6,6.8,0.923
Sac State,64.5,-6.7,23.7,55.1,0.953,1.052,0.928,48.8,103.2,35.1,46.9,68.9,6.4,18.4,6.2,21.6,30.4,19.7,74.5,46.0,2.7,5.8,10.4,11.1,0.943,0.333,0.5,67.7,17.3,71.2,6.7,46.3,52.6,111.8,34.2,53.4,72.4,13.4,11.7,1.145,7.4,25.4,35.7,25.5,80.3,2.9,5.4,0.936
Campbell,64.5,0.9,24.2,53.6,0.995,0.98,0.928,51.3,106.9,33.0,52.4,67.3,6.7,20.3,5.8,22.3,30.9,19.9,75.4,48.6,2.2,5.8,13.5,10.4,1.292,0.5,0.5,64.9,13.9,63.6,-0.9,43.9,50.6,105.3,35.3,49.1,65.0,10.8,11.7,0.931,7.3,23.2,32.7,24.6,80.1,3.1,6.0,0.933
WI-Milwkee,64.5,-6.9,23.5,55.9,0.932,1.032,0.918,47.7,101.8,31.9,47.5,71.5,6.2,19.4,7.6,25.2,35.4,24.0,71.7,49.0,3.7,4.8,11.4,13.3,0.859,0.29,0.2,69.2,17.0,71.4,6.9,40.5,47.5,103.1,33.8,45.3,76.9,13.1,10.1,1.304,9.9,24.0,36.9,28.3,76.0,3.1,6.6,0.998
Mt St Marys,64.4,-1.0,24.3,55.9,0.956,0.971,0.932,48.6,102.5,34.0,47.6,68.5,5.8,16.9,8.6,22.4,34.5,28.0,73.4,50.8,4.1,5.8,12.9,13.1,0.984,0.448,0.5,67.4,15.7,65.4,1.0,43.0,48.6,103.8,33.9,47.4,74.6,11.0,12.4,0.889,8.1,22.0,33.4,26.6,72.0,2.8,7.1,0.937
Northeastrn,64.3,-4.8,22.9,52.4,0.96,1.032,0.896,50.1,107.1,32.0,51.6,73.4,6.8,21.2,7.0,22.9,32.0,24.6,77.8,51.6,2.7,4.7,11.4,14.0,0.813,0.29,0.444,66.9,15.2,69.1,4.8,45.4,51.7,109.5,34.3,51.9,75.6,11.8,10.3,1.147,6.5,21.4,30.0,22.2,75.4,2.2,7.3,0.943
Jacksonville,64.2,3.1,23.4,54.2,1.005,0.956,0.967,48.6,103.5,34.5,47.2,69.7,5.8,16.9,9.6,23.8,36.5,31.7,78.0,55.1,1.6,5.6,11.5,11.7,0.987,0.63,0.714,63.9,15.6,61.1,-3.1,40.4,47.2,101.7,29.3,49.9,72.0,10.2,10.3,0.993,6.7,20.6,29.7,22.0,68.3,3.7,5.6,0.944
North Texas,64.2,7.7,22.1,50.4,1.032,0.908,0.958,51.4,108.1,35.8,49.7,65.4,7.6,21.2,8.7,21.9,33.4,29.8,77.9,52.9,2.8,6.3,10.8,11.4,0.947,0.767,0.7,62.2,16.1,56.5,-7.7,42.1,46.3,99.5,28.8,47.6,68.1,8.4,11.8,0.707,6.2,20.5,29.7,22.1,70.2,2.5,5.6,0.909
Navy,64.2,3.4,23.6,55.7,0.96,0.909,0.954,47.5,100.5,32.3,47.0,65.6,5.6,17.5,9.8,23.7,37.2,31.5,78.1,54.0,3.3,6.7,11.8,12.9,0.913,0.645,0.556,66.9,16.1,60.8,-3.4,41.0,47.3,101.0,33.2,45.7,68.3,12.1,13.2,0.912,6.6,21.4,31.7,21.9,68.5,3.5,7.0,0.902
N Alabama,64.2,-8.1,23.0,61.5,0.896,1.01,0.958,43.2,93.8,29.2,42.8,75.1,7.2,24.5,9.0,22.5,34.3,24.3,72.2,46.2,3.1,5.8,8.2,12.0,0.682,0.192,0.167,71.6,18.7,72.3,8.1,44.5,50.2,107.7,33.7,50.1,69.5,11.5,13.3,0.867,8.7,28.0,39.9,27.8,75.7,4.1,6.2,0.936
N Illinois,64.1,-7.4,23.0,54.9,0.91,1.016,0.899,47.2,101.0,31.7,47.1,67.5,5.8,18.4,6.6,22.0,32.3,21.1,71.7,47.1,2.7,6.3,11.2,13.7,0.82,0.3,0.429,70.4,20.4,71.5,7.4,44.7,50.6,109.5,32.3,51.8,72.5,13.3,13.6,0.978,8.7,24.6,36.3,28.3,78.9,4.6,6.4,0.931
AR Lit Rock,64.1,-11.3,22.2,53.6,0.927,1.09,0.901,47.9,103.6,33.3,46.6,73.2,6.9,20.8,7.0,19.8,29.6,22.1,70.7,45.6,2.2,6.3,12.2,13.8,0.879,0.24,0.8,69.1,17.0,75.4,11.3,48.7,56.3,117.5,38.4,55.5,71.4,15.7,13.6,1.156,8.2,24.6,35.2,29.3,77.9,2.6,6.1,0.922
San Diego,63.9,-4.8,24.2,57.3,0.928,0.997,0.931,46.7,99.5,32.1,46.2,71.3,5.1,15.8,7.8,23.7,35.0,24.1,74.7,49.8,3.6,4.8,9.4,12.6,0.75,0.448,0.444,68.9,15.9,68.7,4.8,44.6,49.2,104.1,33.2,49.0,73.5,12.9,10.8,1.194,8.0,24.5,35.2,25.3,75.9,3.0,6.0,0.959
UC Irvine,63.9,2.5,23.2,54.0,0.964,0.926,0.929,47.6,103.7,32.1,47.4,78.0,5.0,15.4,8.7,23.7,35.0,29.0,74.3,51.9,3.6,5.5,10.2,13.4,0.76,0.565,0.667,66.3,18.3,61.4,-2.5,39.8,44.1,97.1,26.4,46.2,74.9,10.5,11.2,0.938,8.2,21.2,32.4,25.7,71.0,2.7,6.0,0.954
Charl South,63.9,-13.4,22.5,57.2,0.897,1.085,0.911,46.2,98.3,30.1,47.1,67.7,7.9,26.1,8.6,22.6,33.7,24.8,75.6,48.4,2.5,6.3,10.9,15.0,0.726,0.107,0.333,71.2,16.1,77.2,13.4,48.5,55.3,116.7,36.1,56.0,75.9,15.2,12.1,1.253,7.3,26.1,36.0,24.4,75.2,3.0,7.8,0.932
S Illinois,63.7,2.1,22.8,51.7,0.994,0.961,0.914,51.5,108.1,35.1,50.6,69.0,7.6,21.6,5.9,21.7,30.3,20.5,78.6,49.4,2.1,5.5,11.7,11.4,1.026,0.5,0.385,64.1,15.3,61.6,-2.1,44.5,49.7,106.4,32.4,50.2,75.9,10.6,11.8,0.901,5.9,22.7,31.0,21.4,79.5,3.4,5.8,0.908
GA Southern,63.6,-4.0,23.2,54.4,0.931,0.989,0.917,47.8,101.6,29.2,50.1,67.1,5.8,19.7,8.5,22.9,33.9,27.2,70.6,48.4,3.0,6.8,11.2,14.2,0.789,0.385,0.625,68.3,18.4,67.6,4.0,41.8,48.3,103.7,33.0,47.4,69.2,11.7,12.7,0.924,9.5,22.7,36.2,29.4,72.8,3.0,7.4,0.954
Florida A&M,63.6,-5.4,23.7,56.4,0.923,1.001,0.929,45.9,98.8,29.7,46.3,70.6,4.4,14.9,7.8,21.7,32.5,24.7,67.3,46.1,3.0,6.0,11.6,12.6,0.924,0.393,0.778,68.9,17.8,69.0,5.4,42.1,48.2,103.4,34.3,46.4,67.2,12.3,12.4,0.991,10.6,23.6,38.0,32.7,75.3,2.3,6.3,0.973
American,63.5,-7.5,24.4,54.3,0.94,1.051,0.903,49.6,104.3,33.1,49.6,69.4,5.0,15.2,6.8,21.2,30.7,23.2,73.5,48.1,3.1,6.5,12.2,13.3,0.913,0.313,0.167,67.5,14.9,70.9,7.5,47.3,53.3,111.2,34.7,53.9,69.2,13.5,11.5,1.18,7.7,22.6,33.1,26.5,76.8,3.2,6.8,0.944
Hampton,63.2,-7.5,21.7,55.4,0.892,0.998,0.915,44.2,97.1,29.5,44.2,69.7,5.7,19.4,6.5,24.0,33.7,19.5,70.2,45.9,3.7,4.7,9.6,12.5,0.767,0.269,0.75,70.9,18.7,70.7,7.5,42.4,47.4,101.7,29.8,48.8,66.4,11.3,11.3,1.007,10.2,26.9,39.7,29.8,80.5,3.1,6.2,0.985
Tarleton State,63.1,-2.7,22.2,53.5,0.95,0.991,0.934,46.3,101.7,30.9,46.3,75.4,5.2,16.8,7.5,18.4,29.3,24.3,67.5,45.7,2.1,7.5,10.5,11.8,0.885,0.393,0.333,66.4,17.9,65.8,2.7,45.3,52.4,110.9,32.9,54.7,70.0,13.6,16.0,0.853,8.9,23.2,34.8,32.5,75.7,5.2,4.8,0.893
Wm & Mary,63.1,-12.0,22.3,55.8,0.878,1.045,0.882,46.0,98.9,31.1,45.5,70.0,6.8,21.8,7.8,22.8,34.7,24.0,73.4,49.1,2.9,6.4,11.2,16.3,0.69,0.129,0.375,71.9,16.9,75.2,12.0,46.7,53.6,111.9,33.7,55.7,70.3,14.5,12.6,1.151,8.3,24.7,35.9,26.6,76.0,4.9,9.1,0.94
Holy Cross,63.1,-9.0,23.0,57.0,0.921,1.052,0.942,45.1,97.4,33.1,43.2,71.2,5.4,16.4,8.2,21.8,32.9,24.8,72.4,47.7,3.7,5.6,9.6,12.2,0.785,0.241,0.857,68.5,17.2,72.0,9.0,47.3,53.2,111.3,36.1,52.7,68.7,13.8,11.8,1.173,8.3,24.8,36.0,27.6,75.2,3.5,5.9,0.95
Butler,63.1,-4.7,22.4,54.8,0.938,1.008,0.933,47.1,100.6,29.7,48.9,68.9,6.8,22.9,7.5,21.5,32.9,24.2,73.6,49.1,2.1,5.1,10.6,12.0,0.887,0.387,0.444,67.2,16.8,67.8,4.7,44.0,49.9,106.3,31.1,51.9,72.0,12.1,11.2,1.08,7.7,23.5,34.1,26.4,75.8,4.5,5.7,0.948
California,63.1,-3.0,23.6,56.2,0.942,0.987,0.941,46.9,100.2,30.8,47.3,72.7,5.5,17.8,7.3,24.6,35.0,23.1,79.0,50.9,2.6,4.9,10.7,11.2,0.953,0.375,0.333,66.9,16.5,66.1,3.0,42.1,47.5,103.4,30.9,48.1,75.9,9.8,9.6,1.023,6.5,24.1,33.8,21.0,76.9,3.4,5.8,0.954
Maryland ES,62.8,-6.0,21.9,56.7,0.873,0.956,0.901,45.4,96.4,31.2,44.3,64.2,7.6,24.4,8.3,21.4,33.3,25.2,71.0,47.5,2.2,9.4,11.8,15.5,0.765,0.333,0.75,71.9,17.4,68.7,6.0,44.5,51.0,108.1,33.7,51.3,68.3,13.5,16.8,0.806,8.8,24.8,36.8,29.0,74.8,3.4,6.9,0.889
S Mississippi,62.7,-13.2,23.6,56.0,0.905,1.095,0.909,46.9,99.4,31.0,47.0,68.7,5.2,16.7,7.1,23.2,33.1,22.3,72.9,47.7,2.7,4.6,11.9,13.4,0.885,0.161,0.5,69.3,16.3,75.9,13.2,46.1,54.1,113.2,37.4,52.6,71.5,15.7,10.8,1.454,8.6,24.9,36.3,27.1,77.7,2.8,7.0,0.969
Austin Peay,62.6,-6.6,22.4,56.3,0.92,1.018,0.928,46.6,99.1,30.8,46.9,70.3,7.7,25.0,9.3,20.5,33.0,27.8,71.1,48.3,2.0,6.2,13.2,14.3,0.927,0.37,0.556,68.1,17.0,69.3,6.6,46.4,52.5,111.0,33.2,54.1,69.2,13.2,14.0,0.947,8.3,24.3,35.3,28.9,72.2,3.5,7.2,0.917
Beth-Cook,62.5,-8.0,23.3,56.6,0.903,1.019,0.925,45.4,97.2,33.7,43.7,68.1,4.9,14.4,8.2,20.3,32.0,25.2,70.2,47.5,2.4,7.8,10.4,13.4,0.778,0.276,0.444,69.2,17.4,70.5,8.0,45.4,51.5,110.5,32.9,52.8,73.8,13.5,13.8,0.98,8.7,24.3,35.3,29.8,74.8,4.7,6.9,0.926
NJIT,62.5,-8.5,22.4,55.0,0.905,1.028,0.918,46.5,99.1,32.6,45.1,66.7,6.4,19.7,7.0,24.1,33.7,21.6,74.8,47.6,3.5,5.9,10.1,12.6,0.797,0.357,0.778,69.0,15.9,71.0,8.5,44.0,51.0,107.2,34.0,51.0,70.0,14.1,11.3,1.254,8.1,25.4,37.1,25.2,78.4,3.3,6.7,0.954
San Jose St,62.5,-10.8,23.0,54.7,0.93,1.09,0.902,49.8,103.3,34.5,48.2,65.6,8.4,24.5,6.6,21.0,30.2,20.9,71.4,45.3,3.2,5.1,12.4,13.2,0.935,0.233,0.4,67.2,16.4,73.3,10.8,47.4,53.5,112.1,35.8,53.4,72.3,14.5,10.4,1.391,8.4,25.1,36.4,28.6,79.1,2.6,6.2,0.971
Virginia,62.4,2.3,23.3,52.0,1.012,0.975,0.96,49.7,105.9,32.3,50.3,73.0,5.0,15.6,7.2,21.6,31.3,25.1,74.1,49.9,4.3,5.7,14.1,9.7,1.454,0.6,0.6,61.7,13.7,60.1,-2.3,42.5,48.8,102.8,33.6,47.9,71.2,11.6,11.0,1.055,7.6,21.5,31.5,25.9,74.9,3.6,5.5,0.944
Idaho State,62.4,-9.7,21.9,53.1,0.923,1.066,0.908,47.4,101.5,29.6,49.6,68.4,6.6,22.4,7.7,21.2,32.1,25.1,75.0,49.0,2.2,4.6,10.0,13.9,0.718,0.179,0.25,67.6,18.4,72.0,9.7,47.0,53.2,113.4,34.1,54.5,73.5,11.7,11.0,1.062,7.1,23.0,33.4,25.0,74.9,2.6,6.9,0.942
Chicago St,62.1,-12.3,21.9,56.0,0.9,1.078,0.925,45.9,97.4,31.0,45.4,65.4,7.6,24.5,9.6,19.8,33.3,29.7,69.0,48.3,2.3,5.5,9.5,14.8,0.639,0.219,0.6,69.0,19.7,74.4,12.3,46.3,53.5,114.0,39.9,49.8,72.5,14.5,12.7,1.14,8.9,22.8,35.7,31.0,70.3,3.4,6.6,0.945
Albany,61.8,-4.0,23.0,56.2,0.907,0.967,0.92,46.2,98.4,32.3,45.2,70.4,5.9,18.2,6.9,21.6,32.0,22.3,76.6,48.4,2.5,6.7,9.4,12.4,0.762,0.419,0.778,68.1,18.0,65.9,4.0,43.9,50.7,108.1,35.5,49.1,72.2,12.5,13.6,0.917,6.6,24.0,34.2,23.4,77.7,4.4,5.3,0.897
Radford,61.8,-5.3,22.3,55.2,0.921,1.0,0.924,46.5,98.9,29.8,47.7,68.0,6.7,22.5,8.4,21.3,33.1,26.8,75.5,50.0,1.5,6.4,10.4,13.5,0.77,0.333,0.5,67.1,17.9,67.1,5.3,45.4,52.0,111.3,35.4,51.3,72.7,11.3,13.3,0.855,6.9,23.0,33.2,24.5,73.2,3.3,6.8,0.906
CS Bakersfld,61.8,-5.6,23.2,56.3,0.935,1.02,0.972,44.4,96.3,28.3,44.9,71.3,3.6,12.9,9.8,20.8,33.6,31.2,76.2,51.4,2.0,5.6,9.2,11.6,0.79,0.24,0.333,66.1,20.8,67.4,5.6,44.2,51.4,113.1,35.2,50.5,75.1,11.2,13.0,0.865,6.5,21.6,31.8,23.8,68.8,2.4,5.6,0.901
Central Conn,61.8,-10.3,21.6,54.8,0.899,1.05,0.906,46.0,99.0,34.2,42.6,70.8,7.3,21.5,7.3,21.0,31.9,23.4,69.9,46.6,2.2,6.2,10.6,13.8,0.771,0.25,0.5,68.7,16.1,72.1,10.3,46.1,52.9,111.1,34.8,53.3,71.0,13.9,12.6,1.099,9.0,24.1,36.5,30.1,76.6,3.8,7.1,0.948
Pittsburgh,61.5,-6.5,21.1,50.9,0.94,1.04,0.928,46.7,101.8,31.4,46.5,69.6,5.4,17.1,8.9,22.3,33.8,29.6,76.1,52.1,3.8,5.4,11.0,13.6,0.809,0.344,0.462,65.4,15.3,68.1,6.5,44.1,52.0,109.6,36.8,49.5,71.0,14.5,10.6,1.365,7.0,21.2,31.1,23.9,70.4,3.1,6.6,0.945
Alab A&M,61.4,-5.6,21.9,57.8,0.862,0.94,0.943,41.2,91.7,27.1,41.4,71.3,3.9,14.4,9.5,23.9,37.8,27.2,70.8,48.8,3.2,7.0,9.5,13.6,0.7,0.4,0.5,71.3,16.1,67.0,5.6,40.1,46.3,98.8,32.0,45.2,68.4,13.5,13.6,0.993,9.9,25.4,39.6,29.2,72.8,2.9,7.5,0.948
WI-Grn Bay,61.2,-8.4,22.0,52.9,0.924,1.051,0.914,46.5,100.5,28.0,48.9,71.1,5.1,18.2,7.2,19.4,29.6,23.8,72.6,47.7,2.8,5.0,10.5,12.9,0.811,0.138,0.0,66.3,15.6,69.7,8.4,47.0,53.0,113.3,34.7,53.6,76.8,11.9,11.8,1.015,7.3,23.0,32.5,27.4,76.2,3.0,7.1,0.933
Jackson St,61.0,-4.5,23.1,56.7,0.899,0.966,0.946,45.3,95.4,30.0,45.5,63.4,5.2,17.2,9.5,22.6,35.1,29.5,74.6,51.0,3.9,6.1,10.8,13.2,0.823,0.367,0.364,67.8,17.1,65.5,4.5,43.0,47.7,102.8,32.2,47.5,69.1,11.3,12.1,0.931,7.7,22.7,33.7,25.4,70.5,3.5,6.6,0.935
Merrimack,60.9,-4.0,22.2,53.1,0.928,0.99,0.913,48.6,102.2,33.3,47.7,67.9,7.1,21.4,6.1,19.1,28.4,20.0,65.3,43.0,3.7,8.8,11.3,11.8,0.959,0.448,0.571,65.6,16.1,64.9,4.0,43.4,49.1,105.4,33.2,48.7,71.3,13.7,14.4,0.947,10.2,24.5,37.6,34.7,80.0,2.9,6.0,0.935
Lamar,60.9,-13.3,22.7,56.9,0.881,1.073,0.923,44.5,95.1,30.2,44.1,68.5,5.3,17.4,9.2,21.6,34.0,27.6,70.6,48.4,3.0,6.0,11.0,14.5,0.76,0.0,0.0,69.1,18.6,74.1,13.3,45.3,52.9,112.5,35.5,52.7,70.8,17.1,12.0,1.426,9.0,24.1,36.3,29.4,72.4,3.2,7.6,0.957
Maine,60.7,-13.0,23.0,56.2,0.898,1.091,0.916,46.9,98.5,31.0,47.0,70.5,6.7,21.7,7.1,20.0,30.3,21.9,71.4,45.6,2.8,6.6,12.8,12.8,1.0,0.115,0.25,67.6,17.6,73.8,13.0,48.2,54.9,115.6,38.6,53.3,72.4,13.1,12.1,1.083,8.0,25.3,36.1,28.6,78.1,2.7,6.6,0.939
Delaware St,60.6,-15.2,21.5,54.2,0.832,1.042,0.855,45.0,96.9,32.2,43.4,67.4,5.7,17.8,7.6,22.1,33.9,23.8,66.9,46.6,3.8,6.6,8.9,18.2,0.489,0.0,0.0,72.8,18.4,75.8,15.2,42.9,51.1,108.7,36.1,48.6,70.6,16.4,13.7,1.202,10.9,24.3,38.8,33.1,76.2,3.6,8.4,0.962
Cal St Nrdge,60.6,-10.6,22.2,55.6,0.896,1.053,0.943,44.4,95.6,30.2,44.0,68.5,5.0,16.5,8.4,20.1,31.0,25.2,69.7,45.5,2.4,7.1,8.8,12.3,0.714,0.214,0.6,67.6,19.1,71.2,10.6,45.6,51.9,112.1,33.2,53.1,76.1,14.1,13.1,1.076,8.8,24.9,37.1,30.3,74.8,2.7,5.2,0.935
Cal Poly,60.6,-7.3,20.9,51.0,0.898,1.006,0.888,46.1,101.4,29.5,47.2,73.1,5.3,18.1,7.4,23.5,34.4,25.4,74.8,51.0,2.3,4.5,10.6,14.9,0.711,0.222,0.333,67.4,19.5,67.9,7.3,41.5,48.1,105.6,36.0,44.7,75.6,11.4,11.2,1.017,7.9,21.7,33.1,25.2,74.6,2.6,6.2,0.951
Air Force,59.0,-7.0,21.6,49.6,0.917,1.026,0.864,50.9,105.7,33.3,51.6,64.9,7.2,21.6,4.9,19.2,26.6,17.2,71.3,44.6,3.0,5.4,12.5,13.6,0.916,0.379,0.714,64.4,18.0,66.0,7.0,46.3,51.5,111.9,31.2,53.8,76.0,10.9,12.9,0.85,7.7,23.5,33.0,28.7,82.8,3.3,5.4,0.92
Evansville,58.8,-12.3,20.7,52.7,0.885,1.07,0.889,47.0,99.9,32.6,45.2,71.5,8.1,24.8,3.9,21.5,27.1,12.5,79.7,43.5,2.0,6.0,10.3,11.3,0.915,0.172,0.125,66.5,15.0,71.2,12.3,49.6,56.1,117.7,38.4,55.3,73.4,12.0,11.7,1.026,5.5,27.6,35.2,20.3,87.5,2.4,5.3,0.906
S Florida,57.5,-7.5,21.6,57.7,0.849,0.959,0.952,41.3,88.8,25.2,42.8,66.6,4.5,17.6,9.3,22.7,35.9,27.1,75.4,50.0,3.7,6.2,10.9,12.5,0.871,0.258,0.429,67.7,17.1,64.9,7.5,41.3,48.3,104.0,33.8,46.6,71.3,13.2,12.5,1.062,7.4,25.0,35.9,24.6,72.9,3.7,5.6,0.926
E Illinois,54.0,-17.9,19.3,50.4,0.798,1.062,0.847,44.1,93.8,31.7,42.1,63.1,5.8,18.4,5.6,20.0,29.0,18.3,68.2,43.9,2.7,6.3,11.2,16.0,0.702,0.071,0.333,67.7,14.6,71.9,17.9,46.4,53.8,111.2,33.8,56.3,67.5,16.4,12.1,1.357,9.3,25.2,37.0,31.8,81.7,4.3,8.8,0.959
IUPUI,51.3,-17.1,18.9,50.5,0.792,1.056,0.867,42.4,90.8,29.2,41.6,67.4,5.1,17.5,7.9,19.0,30.4,26.5,68.5,47.6,2.3,5.6,10.1,16.4,0.615,0.037,0.0,64.8,18.0,68.4,17.1,45.3,52.8,113.4,35.6,52.4,74.5,12.5,13.0,0.966,8.7,21.7,33.4,31.5,73.5,3.1,7.6,0.935
